Step,B_10 - distance_irrelevance,B_9 - distance_irrelevance,B_8 - distance_irrelevance,B_7 - distance_irrelevance,B_6 - distance_irrelevance,A_10 - distance_irrelevance,B_5 - distance_irrelevance,A_9 - distance_irrelevance,B_4 - distance_irrelevance,A_8 - distance_irrelevance,B_3 - distance_irrelevance,A_7 - distance_irrelevance,B_2 - distance_irrelevance,A_6 - distance_irrelevance,B_1 - distance_irrelevance,A_5 - distance_irrelevance,A_4 - distance_irrelevance,A_3 - distance_irrelevance,A_2 - distance_irrelevance,A_1 - distance_irrelevance
0,0.9915152431782908,0.9949103670043083,0.9929542340541408,0.9920231779054716,0.992322865624372,0.9937259771879025,0.9920663696966256,0.9933328030598004,0.9938766311538344,0.9927918569436438,0.9939149824137912,0.9926511400034496,
50,0.9831087225383344,0.9825660434618544,0.988224053432616,0.9152470963315552,0.9808341902584544,0.9852316007410225,0.9804717342182792,0.988517512497015,
100,0.9673718804699646,0.967717107344322,0.9123278856580264,0.9040681697412988,0.937891577659456,0.9242945177022452,0.9463262995133492,0.9319767006683642,
150,0.7845205661603281,0.903235738654942,0.8711194954643386,0.9405884110534966,0.9343814267105038,0.9571153360432124,0.9446699659376794,0.93550357811302,0.3005953821687868,
200,0.7267525311726907,0.8670683740691996,0.8658252945282306,0.928080061803193,0.777722115507044,0.1836942281846843,0.9202866669913748,0.9356367484015148,0.1779246108166817,0.9213530267704922,
250,0.7376085567413239,0.8069818952687945,0.178594730040667,0.8782740985115519,0.5570178885545862,0.9564944040243554,0.8536677925765876,0.9302173865350696,0.1712942497567897,0.9057884029129212,
300,0.6756767852000792,0.8283674395018366,0.7589797222572695,0.6680331348966329,0.718817454770357,0.7701364278969843,0.1767138744781314,0.7894148007961096,0.5670142510431639,0.9429610897140692,0.7556060428846642,0.8989524908400343,0.186582088293657,0.7141117400253955
350,0.6811355508839236,0.6872569672394717,0.6330863173012035,0.6262963722119506,0.3812978265312868,0.6753940195519677,0.1740899694494486,0.2123094277712437,0.7354502763023977,
400,0.687255164110856,0.5913797791014722,0.6112541805098903,0.6101956171426841,0.6297604349340447,0.5528254062768196,0.3298082184728904,0.7092098909750828,0.247617248722753,0.5575041857537981
450,0.6858524289047143,0.5027965317995022,0.6067217833737679,0.6131163943008723,0.4535562419609414,0.2987786266305774,0.5864198846864651,0.5039606456523456,0.2941338863370363,0.5283449769196844,
500,0.6127298898585634,0.4571205960040588,0.4070001761548401,0.5853801244582949,0.1738859020430083,0.4831070654435599,0.498128108225864,0.4784609898618412,0.5170714177043132,0.350979458069025,0.4776840625558465
550,0.6658223104992392,0.6233826644299596,0.6571674845982803,0.4548462543652547,0.6140269897444139,0.3631538388509953,0.5898889846774455,0.1824376509791413,0.4605164532150919,0.4241617092958934,0.4072872548391458,0.4582702072474943,0.4634991363777458
600,0.6013931855897697,0.3957499480016886,0.2553791535420336,0.5904090024390506,0.1932051980504593,0.4397952199788119,0.4294613011615297,0.4095312209826233,0.455373778944205,0.4506665673723266,0.4591503507830268
650,0.3883829105874711,0.6897397306286427,0.3389392708979988,0.25339477736927,0.5864802157885435,0.2048796954454707,0.3450775478777663,
700,0.513000175349243,0.385217456875348,0.670291359963384,0.3020488345664015,0.2555339328835163,0.4210250901499067,0.4045968503373671,0.324841273076391,0.4089417710568925,0.3608681084168256,0.4522827739914565,0.4757000171761856
750,0.3826912928220315,0.704574187656667,0.6613305698198894,0.4454980209279006,0.2933809132323279,0.2599096711719516,0.5745682403902688,0.2285605648661061,0.3882898697408936,
800,0.447405899537991,0.3791398480102272,0.6681432922366556,0.6698160102910058,0.7160012353125137,0.3281151914825763,0.2872757367864479,0.2617029228789786,0.2416380608415783,0.3018924177670242,0.409100087084599,0.5060791000931372
850,0.4261695976750123,0.6714141429712011,0.6803681308833323,0.457728990031719,0.2831510289937757,0.420773943205173,0.3588105021764919,0.2953110079386881,0.4155981900290955,0.4577864043841089,0.5242582781205007
900,0.4103463743246506,0.3698230648224961,0.6733159424188637,0.6906168721644019,0.4683491386869732,0.3508083612094308,0.3392292880615991,0.6350185218108428,
950,0.3657624464865513,0.7510646967094985,0.327124675224742,0.5629602238652739,0.287394122628785,0.3501874209025129,
1000,0.3895172759390274,0.3625059288220306,0.7408661053074608,0.6730449940782983,0.7055402598479963,0.5617385283622978,0.3039581068339855,0.2822500460070674,0.4462768352638217,0.3385146732218151,0.6622944647271434,0.5708799396722631
1050,0.3827940057399355,0.7577250346367012,0.2761912013279802,0.2322848993439025,0.5596892768915596,0.4233779577443742,0.3642307465488139,0.2794869595873834,0.4554310473062239,0.6737715783531166,0.581717776449941
1100,0.3571681780841031,0.6660297746709779,0.5213839855468487,0.3249274929756157,0.2263211902127139,0.5565373789512932,0.4240343981804929,0.4632484002472516,0.4696801799220743,0.5905930111734612
1150,0.3550543803464981,0.7105667963119973,0.5331565275799012,0.2755822221506118,0.4246396771966526,0.3861130427989648,0.4697927094037625,0.3370238365551883,0.691740000332335,0.4733074043487915,0.5980649704886591
1200,0.3757211938845558,0.3529694279840605,0.655712328255227,0.5433561094273052,0.323218694301614,0.2758663114049283,0.2140529857732783,0.5514596887129107,0.3618543371561751,0.4253035966004344,0.3963316888219906,0.4757715169512001,0.4768553447738036,
1250,0.3777098408695823,0.3509806504192245,0.708567522553417,0.5523618320385115,0.2075708677434942,0.5487679718181253,0.3745815051184344,0.4256540291545453,0.3374279154535267,0.707563164614659,0.6067007132191718
1300,0.3812025398364644,0.7096211594676225,0.6468247197821796,0.7074021220361658,0.7467086753916986,0.2768098703905604,0.2019485915586706,0.5464779597599402,0.3859561413829998,0.408170982890325,0.4848318156785796,0.6089028121109575
1350,0.3837698966927011,0.7055239661895825,0.6442138409184345,0.7061241495877358,0.3243108619288857,0.2777841165947736,0.1982641449368524,0.5447863508911154,0.4275246581488429,0.2663063551000245,0.3394831396049885,
1400,0.3902199372435058,0.3455517849507138,0.6429307399251837,0.7049531175532084,0.5694274597270746,0.7330216296840224,0.3255698077113104,0.54344220466906,0.4090905700569113,0.2645826453373094,0.4919905418720438,0.3410135551064405,0.7304581844489229,0.6109923851719492
1450,0.3993904713764055,0.6429791134849826,0.7039568256862406,0.3267942399131968,0.1951131073535975,0.5424516024273884,0.4290605916772257,0.4073802265028913,0.4949229162686794,0.3422126738771178,0.6111560367646368
1500,0.4110460560442453,0.3415913461266108,0.6975274329812929,0.2804777446602094,0.1952338828902135,0.5417762655199394,0.4215688717642162,0.4302104843820651,0.2612986997130721,0.4976400433085851,0.4938055328530493,0.611005385249513
1550,0.4248270810584337,0.3396027909805997,0.696328657708272,0.6477031064378503,0.577103954750681,0.7076282228376031,0.3315184504627267,0.2815556912095117,0.1961019018467674,0.5419245296613164,0.4290632106073596,0.260028241442685,0.3412847623830464,0.7460910040106392,
1600,0.6516123034781847,0.335629166388865,0.1975286162852723,0.5430355578768948,0.4367168853677268,0.4316928600623613,0.4007530346274452,0.3388118255532631,0.7486608544356281,0.4964880236429931,0.6112926157285441
1650,0.4586120532452088,0.3358214900778432,0.7052737182351151,0.5800448131714866,0.2837444287778263,0.1993728014088937,0.5446577308234978,0.4444995201322069,0.4325736590121238,0.3990178226978557,0.5048415734350689,0.7500415097045778,0.4977901130238317,0.6116294249664544
1700,0.4769632755959732,0.662152296007083,0.7070094610061586,0.581180480644747,0.2845894206301587,0.2014950795211193,0.4525366004223495,0.4334515421532804,0.2592182253001766,0.7501432857295984,0.4992867716390278,0.6120957592376709
1750,0.6984844526187561,0.2852912393969982,0.2039386731826143,0.4345110622718644,0.3964430868475295,0.2597279859952321,0.5083143169613992,0.3216961419689142,0.5007660473479187,0.6121824354200206
1800,0.5155591102352846,0.6756178618358918,0.7113941011279475,0.5821043996343896,0.3579865248985349,0.5539006062628823,0.2606019626713676,0.5099648527840119,0.6124044628872526
1850,0.6838750787182147,0.7133587652534394,0.3633020786283292,0.209350991977923,0.5579570974046459,0.4792398311398038,0.436860553449237,0.5112281953475473,0.5025460146387608,
1900,0.5550061854264856,0.7040411252160144,0.6927121587640658,0.7154715036023429,0.6738104950361802,0.3676989472533994,0.4885285943534062,0.4377780773493914,0.2631561751018431,0.5123845562648046,0.2978061649565944,
1950,0.5737541929703199,0.323059875248656,0.7064698808096258,0.7175168575744699,0.5827395363709864,0.567212766316754,0.4977732311686885,0.4387304430127151,0.7198425979517391,0.5041419265229469,0.6120375583727001
2000,0.7101865866155851,0.6716163380462041,0.5077031746646256,0.2662944068501415,0.5144334900560542,0.7075024048593637,
2050,0.3197521319635408,0.711748941481582,0.7184057231279969,0.6718354056903186,0.5179664232450034,0.4404161410015838,0.2754763256912324,0.6929946371439966,0.5057051606364963,
2100,0.6261194379646002,0.7145552572361226,0.6731155384943351,0.289184434927664,0.2245850217979624,0.4409804286233048,0.2699603783459422,
2150,0.6409517322365396,0.3167260118789329,0.7174827173194829,0.732974924042787,0.7254709528319939,0.581820779795728,0.2893491765853834,0.2278543533136388,0.2720883420888665,0.516382937639227,0.5072763383532151,0.6121983144895401
2200,0.6551870597499473,0.3155912002065215,0.7200402503135642,0.739388756695609,0.7273667388068584,0.5815332420871487,0.3855406315457481,0.2311445119706055,0.5928193260146739,0.3901391676532694,0.2741684010306524,
2250,0.6680518417049208,0.7452432081778353,0.7291257705323794,0.5814649948058019,0.3888999927616984,0.2895562451222614,0.2344547016524746,0.442669419650819,0.3900625477731061,0.2762358437658677,0.6273402469048028,0.6124833581141769
2300,0.6796163032826705,0.7254958441570213,0.7504940266966253,0.6854757355558356,0.6034431616868865,0.2784021331422743,0.5167051827509394,0.6106021818941194,0.509463390827773,0.6125480916593535
2350,0.3134412070710856,0.3958514577100892,0.2413173031234494,0.5929179535029833,0.4448788602574309,0.3893318738240913,0.5165142254771342,
2400,0.3131596013711933,0.7597722392004794,0.7343328875503982,0.6930908748194752,0.6139230271875683,0.3889531669616468,0.5796937551758512,0.6126278989611621
2450,0.2482662939517204,0.3886998976703898,0.2849618404112418,0.5159522978081218,0.2348583639768288,
2500,0.7359100951303866,0.7676569848465045,0.7375015969166523,0.5743471831646972,0.7006176179192443,0.4091432156115325,0.2518175912623422,0.6233533988744488,0.6429986844277651,0.515389390428506,0.5523739608817363,0.5120011771413678,
2550,0.7156415076228481,0.3122424050648126,0.7385183521685562,0.7712466409876942,0.7388924406287437,0.5729410695698258,0.704386905284409,0.4147892103435919,0.5146044025315037,0.2273814642085309,0.5404195665222471,0.6127647961679096
2600,0.7197340145105122,0.774379844336769,0.7402480621154769,0.7081358012245519,0.420985906888608,0.25877942448095,0.6747354411281948,0.3884540375472879,0.5134927839645427,
2650,0.723189940809147,0.3142176078434217,0.7436105846015285,0.777413014029389,0.7119555236284965,0.427878344513406,0.2622321142000233,0.6365261332926977,0.4528431096291029,0.2939572429046533,0.512801714426316,0.2204370553625488,0.514262464863589,0.6129810372029337
2700,0.4349330121782617,0.2958545760300967,0.2173806982574857,
2750,0.3176970469286124,0.7825871217897269,0.5656982180839191,0.2891397628760764,0.7175877592003181,0.4556622015955555,0.2975530361741564,0.5103402011685654,0.214652384935319,0.6129694557910215
2800,0.7295258143548848,0.3191031468411995,0.5620985794358151,0.2890934687661389,0.7296296476753276,0.3873970453828091,0.2991208227156545,0.5090045788898341,0.2120147770787092,0.5168525852282253,0.6129547806096944
2850,0.746214681102575,0.7287309255642802,0.2760440043968541,0.6519111423915543,0.3872853228083528,0.5075333921728982,0.209825808997585,0.4882337369953307,0.5179990521067521,
2900,0.7322563090798965,0.3217326553327096,0.7542895104934182,0.7325178788048821,0.4607895343447378,0.2891494949848228,0.7498064589147748,0.3870537186527532,0.3019717926303003,0.2075395949680366,0.482623210518953,0.5192048361269975,0.6129986573996115
2950,0.7332482273310977,0.7915760764246278,0.7482766128933505,0.2835879477557891,0.6587900720351901,0.7582876848248802,0.3032901645486331,0.5042375752866923,
3000,0.7341404635086235,0.7578499963029239,0.543878795934395,0.2893205123280675,0.2870646975417592,0.7660952377300286,0.4639863498289792,0.3864179316950181,0.2045598804325831,0.6130164371087821
3050,0.3250389222306141,0.7956441532350268,0.7502794486995509,0.5380205827331248,0.4639671987396012,0.2895731861915355,0.7731831279957497,0.3862239382954543,0.3054624589552941,0.4685223218808355,0.5232306227643925,
3100,0.735620749828236,0.3261042432176639,0.7610124225180774,0.7973332431993556,0.2938558974619393,0.6678497912487467,0.4670519193110574,0.3064646219032796,0.4990219520519091,0.5246598483973155,0.6131566349240357
3150,0.7624795016455023,0.7990319058413833,0.7522252059323434,0.4377955331740982,0.2972483692432547,0.6706369073328979,0.7856419645774181,0.4971484426282966,0.2065477494612557,0.6132829267536588
3200,0.7639485997596904,0.7573059323212726,0.3005486213034723,0.7910889606924736,0.4701409293722223,0.3083730822732359,0.4951801192830255,0.2107898065372507,0.5278533622335793,
3250,0.7653747977246127,0.8023955834253684,0.7541517794935676,0.7604063611902568,0.3933745637862906,0.3036902716679636,0.6758880252217745,0.7961651605870865,0.4716548494764312,0.3092291172613907,0.4564605212910859,
3300,0.7665308842753638,0.515516260687575,0.7636466720595592,0.367796680058597,0.3066377853900557,0.8007700480393899,0.4730170347903246,0.3856244217303999,0.3101220078323971,0.5313473542107552,
3350,0.8056024789408579,0.7665277168006949,0.342476974886841,0.2916966295202333,0.309415023736652,0.6806852010976555,0.8050002074160283,0.2416937465105824,0.6142493301059344
3400,0.8070158500567955,0.5090888627137355,0.2922192249182195,0.4757702701121297,0.3117680249119948,0.2557267054688999,0.5343808199641719,
3450,0.7384922351308307,0.3341134836492626,0.7704085777504477,0.5062000684967859,0.7723147596950807,0.2988671648699239,0.2927366074757441,0.3145639638852527,0.6853185918705038,0.3124819323073887,0.4847871492471621,0.270286663909172,0.6146593870020797
3500,0.3352899048480044,0.7716104864423063,0.8098377603245002,0.7584610173660105,0.3847001485552349,0.482749807202348,0.2838713010152437,0.4472585017107338,0.5363710803407393,
3550,0.7592785734300954,0.4993816365666864,0.6898685008448499,0.4801113870952821,0.3845726170733726,0.2951322918365002,0.4458188902476666,0.5368362134229104,
3600,0.7391550594006386,0.8123305476389191,0.4954230569266778,0.7806545584235125,0.2566361546279629,0.3215711406584932,0.6918962101542613,0.4818491628077244,0.3146193612265514,0.4786708036053189,0.3053817753693058,0.4444184794988868,0.537231448393834,0.6151556156566105
3650,0.339264986962597,0.8134099290138642,0.7609129652570389,0.2948695352051474,0.6938553255621,0.4833880008387815,0.3843176823438156,0.3141692949861214,0.5374243446073468,
3700,0.7394507091560996,0.7759410478569362,0.8144761141688771,0.3256409622407671,0.8273771062473213,0.4848451503269395,0.6152168487652551
3750,0.776889484165026,0.8155171495405585,0.7887239226196749,0.2332599628503945,0.3274956629476524,0.6975653201550088,0.8299108418909191,0.3842258390158102,0.3163972269304808,0.4728369066357514,0.4414322007029728,
3800,0.739779830225477,0.3436290622728956,0.7778004442918449,0.8164395090275235,0.7630962489919193,0.7913260872227557,0.2968725861547289,0.6993835966230898,0.8323330348741755,0.4878409494085504,0.3170388958886937,0.4709556231550011,0.3311662910300887,0.4405283224790123,
3850,0.7398898818517653,0.3452268147538106,0.7939180477614394,0.2226440536170419,0.4691131755157968,0.3350007425336156,0.5366295677101819,0.6150817656508973
3900,0.7400200802687921,0.3467474487918064,0.7795098940360368,0.818445726013585,0.7644052628512492,0.463583383229411,0.796520572972121,0.2187249842769487,0.7026942444564045,0.8366829004379108,0.4911498047774158,0.3839464581371,0.4672831486764261,0.4390869188158076,0.61509155590246
3950,0.3485896505776495,0.8194290608851251,0.2148126766666025,0.7042476509893398,0.8386544857258852,0.3837777125423243,0.4382173293427766,0.5343501524965414,0.6150572042451026
4000,0.7401977000881366,0.8203051132443384,0.7656660216465526,0.2116741530444405,0.299823624712038,0.4945573207332816,0.3194619204248711,0.4634862782623844,0.3443602645458603,0.4377145351647059,0.5328739449479458,
4050,0.7402598553321099,0.7815549983487696,0.4412616469328817,0.8037790719717871,0.2084828350757288,0.7075147927869762,0.4964338356550352,0.3835978982063018,0.4616707937443172,0.3460785784076248,0.4371356535962733,
4100,0.7403471651635997,0.3539169351031311,0.7669076690597535,0.8060032393967568,0.2054821169519352,0.3381861750367666,0.4985250653379224,0.3834708714186164,0.4598397371892609,0.3474780529323404,0.5276408744299925,
4150,0.8228751176333284,0.7675288934914236,0.8081314625998518,0.203346755832521,0.3394324433547843,0.7105787112205292,0.8458512174174486,0.5005506593861607,0.3834761788916682,0.458048040363006,0.3490372890563059,
4200,0.8236605251714503,0.8105164238435506,0.2009730472523489,0.8476016340658898,0.436256093320465,0.6136841934297795
4250,0.78380887533092,0.8243721327486209,0.397849904579708,0.8126327479262601,0.1993268097207933,0.3036846743323332,0.7134146114526667,0.3832856573379561,0.4543148494168295,0.5190954737339636,0.6131880275054532
4300,0.7408361055676258,0.3622781475573178,0.3429068903262754,0.850793566924308,0.3831268810299552,0.4524571497531177,0.4352745739918256,
4350,0.7409979186359585,0.3647630178752117,0.7845787831959935,0.8166710384403739,0.1975099269423983,0.7160311384441399,0.5112907479313393,0.3830537059239612,0.3229532926760723,0.354072216953751,
4400,0.3670650184055215,0.7849860605435212,0.3528636928058579,0.8185168566686855,0.1970254938707322,0.3449893419806678,0.4485821584585256,0.3543445358393294,0.5105843955702211,0.6114078160620666
4450,0.7411348197421206,0.7854482101071345,0.7184798395245582,0.8553914296343296,0.3829839468562551,0.3540754241155398,0.4345089872673689,
4500,0.8275586717097015,0.1963067951018778,0.3079835094947511,0.3470718224454227,0.7197284361532806,0.8568476116542169,0.5206750554678065,0.3828743958742522,0.3246385261178923,0.4445768049115007,0.4341086608569684,0.5048369234835836,0.6093593399138636
4550,0.7415198760783185,0.8280926561020892,0.3071063640220792,0.3480577895728133,0.5236019735988008,0.3539532580090308,0.4336763369507525,0.5020737510668283,
4600,0.7416979456005203,0.7866142026765826,0.8285977177221417,0.2939572488336145,0.1952279413465842,0.3098906546444628,0.7221050374094403,0.4404664318198357,0.3535701428618264,0.4992541456619503,
4650,0.7418687015744152,0.7868154097823145,0.7727652565097057,0.3108758707057873,0.8608075082307568,0.5293789215433533,0.3827122475921415,0.4965386508092148,0.6054297798894467
4700,0.3839776416808989,0.7870041358854721,0.8295615600591525,0.7732838543910222,0.2709035374251741,0.1933978935716456,0.3505245618781278,0.7244633969768891,0.5319181499048139,0.3263520678889162,0.4323345110522651,0.4941803462438177,0.6037080929782586
4750,0.787218415457334,0.8300661027466786,0.7737599548505519,0.8298691772728324,0.192520415380606,0.3129173410504799,0.3512279571392719,0.7255056431076223,0.5341832563373614,0.3827293243708836,0.492119844288453,0.6018985088892078
4800,0.7422760243540992,0.7874169303566655,0.8315139430491719,0.3139846951349062,0.7265386506846738,0.327568859978229,0.4321259414703532,0.5998602890639713
4850,0.742333925763048,0.7875693192360192,0.7747562427098563,0.8332188427806514,0.1903833950761939,0.3149349461948942,0.3524678838019857,0.7274278937759946,0.3827083705735721,0.3495188595867209,0.4315552213654245,
4900,0.7876966609649053,0.1895116567900346,0.316098611206951,0.3531281103420566,0.5397796964788605,0.4279508321455055,0.3484116228573118,0.431434671910414,0.5952379482060379
4950,0.3998569232133588,0.7757853933475771,0.2337575032236995,0.1881148570495161,0.353790837049437,0.7293655836651954,0.54128063286682,0.4257740545313691,0.4847643358320351,0.5926229113679143
5000,0.4030503232133018,0.8325402220324268,0.8371531374518498,0.3544563274532548,0.7303068436438124,0.5426842517511087,0.3825409118864979,0.346067278026476,0.4834916739082988,0.5900203679854462
5050,0.7426417536328431,0.4060992805708885,0.7881155106395609,0.8329975977737919,0.7766613017313247,0.3192734046180786,0.3550572866032353,0.8694052938200719,0.5438804416308781,0.4304431174834739,0.4817285816280515,
5100,0.7427523247810074,0.7881917704120263,0.7770916690046673,0.184227136833449,0.3204092412841084,0.8704710890868814,0.3316578137020429,0.4194696459090647,0.4301275390599984,0.5831752645024697
5150,0.742901669070632,0.4119590049652624,0.7774638148800695,0.2190897332842162,0.7329477156355233,0.3323572026061206,
5200,0.414596048747517,0.8342164459769663,0.7778039302764105,0.3568326284957382,0.7339203930237851,0.8723789728012783,0.4291450307429881,
5250,0.8345723587286812,0.7781141635709727,0.214083955261999,0.873306458388082,0.5475602720000582,0.339988100306458,0.4289653085594953,0.5717695428846016
5300,0.7432009634208154,0.2119241093187572,0.1786076812175501,0.7355516673476113,0.5485499238339907,0.4114892210958494,0.3389323921290541,
5350,0.7878415100751477,0.8352076298626905,0.7788581723308355,0.2099159388544454,0.1772140649137463,0.326177021270125,0.3584004690886018,0.7363251534161744,0.3823593629360605,0.3349498762403616,0.3377640410819884,0.4281165638736894,0.4773011781425553,0.5636625027179493
5400,0.7432976968195107,0.4247494549189085,0.8453422425169667,0.3588483549061054,0.7370952755685515,0.3823721695656346,0.4076316426753406,0.4281739944014085,0.5595347151493356
5450,0.7796425068722936,0.2063798832030276,0.175043737222236,0.3285589929602837,0.7379364942657392,0.876474986859671,0.5513439838922266,0.3823656012814049,0.4056573746840881,0.335464990526881,0.4279801806577424,
5500,0.4285260665869178,0.7874142439679078,0.8362046786549896,0.7799825617807287,0.1748501355473487,0.3597975302179909,0.8772749495886786,0.5520634565658875,0.3366028681096683,0.4038785999508354,0.3344476501211402,0.427387232089984,
5550,0.7436277213165584,0.7803310709887197,0.2034203764847315,0.8476485721929019,0.174725280096252,0.331084061678871,0.3602074793808999,0.7394424351231458,0.3821740915271871,0.4018954859241473,0.4774013188648116,0.5490372191333414
5600,0.7871236324073734,0.8484666011547372,0.7401488638268822,0.3821875640361997,0.3999712187977685,0.4267749321991049,0.5457924862634482
5650,0.4329723806726174,0.7869879762950871,0.8370794749382453,0.78103405753914,0.1718519832959878,0.879603725574426,0.5538299138528545,0.3822921233579924,0.477671352573139,0.543522299346726
5700,0.4342182797629416,0.7868616094179811,0.8373722998935824,0.7813315900625621,0.1704213861796092,0.3346847532901509,0.3821606180257633,0.3391240751020654,0.5411956425845958
5750,0.786630520025151,0.8376433314225472,0.7816479886362792,0.1985682153501554,0.8504352576660538,0.3360339695724085,0.361751666337257,0.8811726902342659,0.3396666348733839,0.3295706898169179,0.4775975928470701,
5800,0.743921904579376,0.436291545210888,0.7864113185199026,0.7820174230257729,0.1977417104668155,0.8509933917996265,0.3622203484696311,0.8819014390347105,0.3402167415800364,0.4774325653406778,0.53802905731263
5850,0.7439390319415458,0.8381889859704187,0.1650424812738286,0.5559704780551797,0.390912939402784,0.3279604640030274,0.4252792666457461,0.4772788503293534,
5900,0.7859805683344221,0.8521570523036671,0.163106002833577,0.3399586623180073,0.363014050308347,0.8833197237050137,0.5565614890500161,0.3821728089775061,0.3411827755755904,0.4248916667276255,0.4769788519820495,
5950,0.7440306911057385,0.438316881115468,0.8386584753068493,0.7830064715234315,0.3412142292614677,0.883972837157831,0.557042794170615,0.3416856686470831,
6000,0.7440926508165289,0.4389987277575763,0.7854614743210695,0.7833309758475185,0.8845507266769512,0.5574703324651596,0.3857351604512674,0.3259913002235635,0.4764863735673508,0.5362875631075643
6050,0.4395722712690567,0.7852634382195286,0.8537616542308969,0.1592085504008082,0.7459961691190473,0.5579541260490513,0.3821235249917699,0.3426138952954145,0.3254788396958715,0.4760879429814076,
6100,0.744318052323932,0.7849982794300023,0.1927862045826042,0.8542533433065563,0.158106288428635,0.3452833375463411,0.7465564334062503,0.3821250276585364,0.3824456192437993,0.5356470052031796
6150,0.8396445811685354,0.192114633523293,0.8548121950262434,0.3646563840196966,0.886210969202275,0.5587097120806899,0.4232390436310685,0.4755681691393896,
6200,0.7444177849369391,0.4403883049666602,0.7845078195135756,0.1914067287418029,0.8553719116589045,0.7476802161546633,0.886793575462593,0.3820275921168349,0.3249296239995902,0.4227569903833442,0.4754576497508974,
6250,0.4407368228862415,0.784231633184835,0.7847129689824554,0.3496314784266089,0.559401132127402,0.3444343976612767,0.4225804284186504,0.4752609646258325,0.5342110041539392
6300,0.7444990107094921,0.4410159979769409,0.8404565355714715,0.7487211610217034,0.8877456796580404,0.559689665558707,0.3448364318771922,0.3760542781661464,
6350,0.4411251805506671,0.85659669114043,0.7492252714403455,0.8881029219723484,0.559985739737031,0.3452454165298289,0.325588182567656,0.4219760976897233,
6400,0.7445545037679387,0.7835262944857386,0.840938648054126,0.7854673875392632,0.1887190339499103,0.1525360261229048,0.3536470157439816,0.366061343681282,0.8885073109475353,0.3819857997440766,0.3259737432744836,
6450,0.7446250250498684,0.4422896687718446,0.8411527043320893,0.7857057178706812,0.1882423164604654,0.8573223607836278,0.7501717570836578,0.8888908394702495,0.382031073351907,
6500,0.8413658698544614,0.78595047129021,0.3666064800869288,0.750645512463748,0.560908468136693,0.3821225891557313,0.3465085528324069,0.4208181240282273,
6550,0.4426558849382761,0.7861853048925894,0.858107324644482,0.3573526551271512,0.7510622282535062,0.8896321689827617,0.5611989826901319,0.3468776962314151,0.3688289876557246,0.5306181666631726
6600,0.8418158267285583,0.7864541829342072,0.1868148186602813,0.858477549933352,0.1502029476979101,0.358698273343931,0.889946505639923,0.5615799164093869,0.3471842914798081,0.32835850319652,0.4204235102574662,0.4740957594948983,0.5299730988012269
6650,0.7447792284176078,0.4430519056428777,0.8420452108970616,0.7866959444490915,0.1863220777751913,0.3599406821111013,0.3673558047535889,0.7520795434193683,0.5618045187797666,0.3824192398526877,0.3475802934266367,0.3291366658132731,
6700,0.4433081092334246,0.7868581694022607,0.1857817638292251,0.1491973031346123,0.3676932945474841,0.8905263816588578,0.347933989435724,0.5295618305154443
6750,0.7448621357837559,0.7815166685326264,0.8424393081982563,0.7870604913159076,0.1855029085538748,0.859575065697171,0.149011652361106,0.3679497673198429,0.3633999287330866,0.4191004721333011,0.5297331924604132
6800,0.7449304495800381,0.4438818992534545,0.1848777714161612,0.3631293402007329,0.7532386306864699,0.8909889703223624,0.562600675036997,0.3486768256318879,0.3322727110887767,0.4184419794605621,
6850,0.7449816071624668,0.4442321602820219,0.8427996289519947,0.7874716879281357,0.1844867839318889,0.1483619737667829,0.3641399813985628,0.7535960764620899,0.8911595983477538,0.3829732495308317,0.333314118787144,0.4735771592340194,0.5298187208332079
6900,0.4445507197646064,0.7876576128306007,0.1482143381899999,0.365152556186475,0.8913400004126882,0.3595166694376097,0.4173958387524275,
6950,0.745149808080229,0.4450982414683098,0.7805474084637374,0.3688474581369795,0.8915055341132154,0.3829552932701673,0.3497830077437489,0.3583366970134932,0.5300972027908166
7000,0.7452540053569038,0.4453587701479046,0.7802185715568806,0.8433277640838455,0.7880504457338879,0.861111280693971,0.1475525498373168,0.3669053493195735,0.3691492284043821,0.7549905802013795,0.8916859101136395,0.336568609141712,0.4166444007593576,0.4734917227246366,
7050,0.7452620300758985,0.7882800948787096,0.1468860869498731,0.3679201507472154,0.3828632659322217,0.3504226166893521,0.3559786236032546,0.3376793942662083,0.5302898356648205
7100,0.8437121512209786,0.1827611706680487,0.8615180505230863,0.3695576009378596,0.7556561915691672,0.5639707174015082,0.3829313137287618,0.3507920676767619,0.3549134065772937,0.4737105523225179,0.5303620868626782
7150,0.7453470590013889,0.4452551804742009,0.7792287144915574,0.7887103693231629,0.1824273398290163,0.8617838144459697,0.3697073771466286,0.3828681540004895,0.3399588545870923,0.530354062056427
7200,0.4451523894956376,0.8440972855496993,0.7889061295347493,0.8620760076367061,0.1465522089482042,0.3712066126451003,0.3830183521914495,0.3515733553733595,0.3528120219860318,0.3410886865213635,0.4151462308312577,0.5302403520521771
7250,0.8442512499913918,0.8623440554157537,0.7566666484476131,0.8924572457753,0.3828481800165175,0.3519795546105261,0.3516656591571268,0.3422634225761201,0.4146895972204843,0.4737236175578571,0.5303176972356576
7300,0.8444115429807598,0.7892255377837111,0.8626561705252878,0.1460695653115257,0.3702559913273597,0.7570159801323649,0.3827633301395076,0.4142561848144595,0.473681378530173,0.5302801288116642
7350,0.7775878094231421,0.8445903405815071,0.7893836520879726,0.1455981006577916,0.370415365690719,0.3492256223942014,0.3439354019502005,0.414049681967583,
7400,0.7456234994369827,0.8631823020369384,0.1455602627223595,0.3745652983177084,0.3705420190731445,0.7576395298836132,0.3529904789909379,0.3448308286516704,0.4135452499892909,0.4737831411295764,0.5302295519740761
7450,0.4448925325909795,0.7767716107721553,0.8633801007356872,0.3706085765998753,0.8932243720325945,0.3469485065645242,0.4131982762126488,0.4737818606097373,
7500,0.8451043194462057,0.7899975183419157,0.1455918292771374,0.3759380562653873,0.3707999246162383,0.7582711804703857,0.5659063887529197,0.3536371259786808,0.3465317873536534,0.530096726775223
7550,0.7457745179893277,0.4453810600138321,0.863847876564986,0.1448896331693855,0.3709710258385315,0.8934530162221923,0.5661699967345022,0.3830346593205715,0.3539006774117415,0.3450026180096978,0.4735619652464454,0.5299594655825818
7600,0.4458771645052543,0.8454283675275504,0.7903957258728853,0.1796010847362491,0.8640614055212715,0.3771095503606842,0.8935050465607928,0.3480322636527232,0.4736682395977397,
7650,0.7753152001700757,0.7905882131395605,0.8642354852404318,0.3776662959829074,0.3712701040318722,0.3828497183838772,0.3545664042596646,0.3434011435636817,0.4119174005704707,0.4736549430460484,
7700,0.446778370454873,0.7907268486524217,0.1792302934662324,0.864440844970752,0.1443915833437826,0.378310555198335,0.7592404547500422,0.5668015239619869,0.3828968596252752,0.3427836807637854,0.4113004919765601,0.473620114062403,
7750,0.7460123117729144,0.7745473866951773,0.7908856051662129,0.1790925983037872,0.3788013674605466,0.8935954643666879,0.3502851480594098,0.4111641945069652,0.4736652219680196,0.5295653801717826
7800,0.447897926494779,0.7741824647667659,0.8459877363852455,0.7910804873906407,0.1786586871007145,0.8648099056988777,0.3794275705771847,0.3717602393236077,0.8936357916289505,0.3556218340930533,0.3509534372469593,0.4104624660616048,0.4735348244852868,
7850,0.773765316157475,0.1786361476239344,0.3719327682888438,0.7598891571838997,0.5674759683545382,0.3829849573969628,0.355965808569204,0.3408554939725017,
7900,0.4493575802327989,0.8462010226442899,0.7914761735536531,0.8652242030982533,0.1437252706675156,0.3803712129961921,0.7601388789543768,0.8937158662848044,0.4736683580023873,
7950,0.8463525355366283,0.7915940775330187,0.1782970536653272,0.8654061388451245,0.14394273522318,0.3807953386654343,0.7603667421979374,0.8937461276524629,0.3534071076945069,0.4736715379761042,
8000,0.7461640129234774,0.4509026032255699,0.7917423557110045,0.8655289193764852,0.5680382315719062,0.356941373010753,0.3404205629664483,0.3541856285684202,0.409352567419792,0.4738170759198042,
8050,0.8464912992596813,0.7919338747862616,0.8656946858561331,0.1433668452209457,0.3725134643558785,0.8938573338995781,0.5682581403104777,0.3828964918294662,0.3572743105817116,0.3410022106855107,
8100,0.177443748524932,0.3823090646969986,0.760972196579335,0.5684288992952982,0.3556084706241494,
8150,0.7462771667091243,0.4535579980316813,0.7922243023587153,0.1435767157431609,0.3728343892516187,0.7611356930795605,0.8939563766697293,0.5685702434366224,
8200,0.7463585671727443,0.454193851532856,0.1772089134821773,0.1431081611028956,0.3831413615901878,0.7613353376878965,0.5687345229330074,0.3582223140903417,0.3567053029998746,0.4737151390156898,
8250,0.746446099705736,0.4552553067423478,0.792535687282444,0.1433817949740272,0.3835122734746886,0.3731235976189689,0.407601887140898,0.4738236329981451,0.5262338539491644
8300,0.7465546229962828,0.4560950422792544,0.8470348799520815,0.7926831770173632,0.3839943548584524,0.373207774060995,0.7616094963634721,0.5690127379659874,0.3588990938469643,0.3573702734383275,0.5257938647492677
8350,0.456936742081803,0.7699267352675344,0.8471064347512407,0.8667330076745574,0.3843184626336819,0.3733368052839798,0.3486760405897339,0.4072217690772791,
8400,0.7466075297168416,0.8472133064984532,0.7929359545786018,0.176293656140609,0.1429494254211615,0.7619259771125019,0.8941382182381216,0.3830292393483646,0.3502713431408,0.3576751066278088,0.4072837205522662,0.473979923878625,
8450,0.1760469779271078,0.1423615013276536,0.3850557428639969,0.3736077674178535,0.3831787170779159,
8500,0.7467288216068003,0.7687768892694468,0.84738891639638,0.7932405899378291,0.1757830375659405,0.3737505914630042,0.7622014359342906,0.383020304759287,0.4067395737718157,0.4740282031114717,
8550,0.7467547452362074,0.7683971158433268,0.8474963322373097,0.7934013854826711,0.3858104265574102,0.7623927595460342,0.8943560242305733,0.3831208264838608,0.3577742108148311,0.4066883741286369,0.4741069068549515,0.5237154040579574
8600,0.4608857742436085,0.7935526203529496,0.1754884860249105,0.1423074750911749,0.3741533049379074,0.5703625400149089,0.3608405522257113,0.3590639846541386,0.4065811843495855,0.4740725555214128,0.5232710626392002
8650,0.7468325639111736,0.1754442932998618,0.8676614866546984,0.1422367780553388,0.3865494951679454,0.570734182374592,0.3615964977558396,0.3578092486128506,0.4061109931826809,0.4741847096580434,
8700,0.7468610303203642,0.7673736961340908,0.8478170334776126,0.7938025523311701,0.1751647107091405,0.8677614371788971,0.1421314395011039,0.8945014039316269,0.3613421372979929,0.3577080670008537,0.4741906136122619,0.5221648806268393
8750,0.7468664768025639,0.4631085534999863,0.7669989963845674,0.7939249629999889,0.1418221722565332,0.3833025908791149,0.3616383762647608,0.3666991006000339,0.4057745439333877,
8800,0.7468937507519233,0.766624872276023,0.7940908578819966,0.8945044735102394,0.5719313812864975,0.3832203983800478,0.521296989329633
8850,0.7469255778772066,0.4642256410610049,0.8480728250881338,0.1744517201243259,0.8681586380003081,0.3877888112276894,0.5722184336849194,0.3713206827221381,0.5209712862269533
8900,0.7942863261388129,0.8683039119169346,0.7636469641557921,0.894571855042726,0.3832512198086863,0.4045750773790276,0.5206651901596832
8950,0.7469981586637656,0.4658587170504929,0.7944360281494621,0.1418012355486126,0.3883748803468919,0.8946159598642,0.572570572777443,0.4039699254528466,0.4743157278958402,
9000,0.7470588200005304,0.7651550821602532,0.1742258488950694,0.1418642691630571,0.3886697323409229,0.7639112462128783,0.8946527196890998,0.5727987296188964,0.3629825845394053,0.3771757000193453,0.4036817799732343,
9050,0.7470402115898416,0.8688093551495825,0.3890177264871655,0.3758971274507854,0.764044216562351,0.8946976555755054,0.5730200746431925,0.363280457158663,0.3792109768521206,0.3548795929821021,0.4034058923893432,0.5198126895434929
9100,0.7470748982586726,0.467919661948379,0.764437404087656,0.79475352803948,0.8689642972413165,0.1414942580561366,0.3635019037920288,0.3809570759244938,0.4743064691874564,
9150,0.4686426136723606,0.7948666701805507,0.3895168763555757,0.3763416162515144,0.573376747854824,0.3832543395181987,0.35282790083491,0.4024758783147008,
9200,0.7470650403059844,0.4691863473012739,0.7637160967826142,0.8485964023920232,0.1736317908039907,0.869286001570942,0.389737432778479,0.3765416804119851,0.7644170268650767,0.3833900778001862,0.3640030710219717,0.3515736749491913,0.4744709697366469,0.5189805241663079
9250,0.7633447935170197,0.1733985239438298,0.1413421634702699,0.3899812316855655,0.7645265015108648,0.8949275334256112,0.5737834571195092,0.3642599754720139,0.3858625740579536,0.4021456861748687,0.4744429284261846,0.5185904122784558
9300,0.7470877155999666,0.7630351484535399,0.8487523806830659,0.1730086593297293,0.8695632684919882,0.390255862357385,0.3769210439412969,0.7646747291617428,0.8949652237498342,0.3645414962630091,0.387482393272134,0.4017428690578436,0.4746411462896327,
9350,0.7471286177646433,0.848819589808531,0.7953253531349906,0.3770581959786504,0.7648428320691906,0.8950210310047633,0.3831341019736385,0.3647637026631302,0.3890290952167877,0.3458226375481475,0.4011090342048201,0.5178699017105954
9400,0.7624517740398413,0.84888281979005,0.1729560699137741,0.1407178404773106,0.3907831250628065,0.8950858176882089,0.383238816228253,0.4746393817060511,
9450,0.747163405810993,0.1727677476600085,0.1407772616169678,0.3908663935486259,0.3773504040452402,0.7650606927422078,0.8951243063580469,0.3652221862642381,0.39189018331852,0.3400042885264015,0.4746986528012503,
9500,0.849020565400719,0.1727028912121692,0.1408763235965376,0.3774354414054315,0.765186402284214,0.8951687321725319,0.57471481183789,0.3931043422866138,0.4001088495677696,
9550,0.7472069663948442,0.7615100036845059,0.1724038427167683,0.8700650689413092,0.3913696099930173,0.8952275121521909,0.3830981124149751,0.3942626050707672,0.3313978123235918,0.5167094511139496
9600,0.4730619957074228,0.8491644501726697,0.17226034523552,0.3915121903935665,0.377695158389708,0.8952706792660172,0.5752329357039262,0.3659223066182299,0.3956480914063495,0.3262125022755652,0.3992044358875997,0.4747804360262306,
9650,0.473267668561024,0.7609889743838462,0.8492453139638817,0.8702758334858862,0.1410382528385433,0.3917481260093558,0.7655557926155836,0.5755195188974687,0.3831152079512026,0.366119506501035,0.3204045181367936,0.3988615196376282,0.474870570307626,
9700,0.8703495823880826,0.3919086277960507,0.7656407823100242,0.8953787001839573,0.3830530125207095,0.3663246185791389,0.3980023380357966,0.3142906416402241,0.3986836845154772,0.4749975133184022,0.516288564603247
9750,0.4721456804480805,0.1720854919695136,0.8704380414577285,0.1406991199636745,0.3922191113310743,0.7657386014864098,0.8953995321210119,0.3829884239157807,0.3982455419571062,
9800,0.4713691960005341,0.8494371196189301,0.7963559401421498,0.1719476922986245,0.8705331292117201,0.1408198873263879,0.3782716732355224,0.7658829169466117,0.5760798222768818,0.4004218847141506,0.301263636328241,0.3980214424722582,
9850,0.7598649655463389,0.8494618869280863,0.3924821158173666,0.3784501153507277,0.7660366433282476,0.8954458537137168,0.366984918584588,0.2948594341030894,0.5159365577368005
9900,0.4687286083213457,0.8495432328132857,0.1716169077331856,0.870663445088964,0.1404484902274209,0.3786143508968712,0.766143428397002,0.3672590336908421,0.2888957858151299,0.3973032704340011,
9950,0.8496215519473034,0.8707223974609791,0.140514292339056,0.7662353479594155,0.5771562688626571,0.4031167330352042,0.2830160544551708,0.4751109740481813,
10000,0.7590459030139902,0.8496877706137804,0.7967976752546797,0.870750910670253,0.3930487134357766,0.7663642051452018,0.3830235931479144,0.3676666729925497,0.2776603017618969,0.4751796862798948,
10050,0.7969346898755135,0.8707885164482635,0.1404298707139528,0.3933161203584753,0.3791057831835775,0.7664983786215669,0.89552393574954,0.5779592031997811,0.383007930365393,0.3678823970357645,0.3959612893782324,
10100,0.7585276159762646,0.8498342426273646,0.1710425984758303,0.3680726484708644,0.4051530142076276,0.3958714156900546,
10150,0.7474221411633054,0.8499074333366995,0.797145717169931,0.39379027450942,0.3829934198846242,0.2629130911084079,0.3953312361536881,0.5154875492446865
10200,0.7474287950188839,0.7972317142483006,0.1708910301303351,0.3939875942214722,0.7667237072985029,0.8955796538839559,0.3685045508922422,0.2583141163487228,0.3953339079100946,0.4752788010940481,
10250,0.8500549688273603,0.7973388920196167,0.1705459419349753,0.3942845122199421,0.3795043819220864,0.8955552994348365,0.3687743782797123,
10300,0.7475049705611982,0.3856036912715858,0.7574303735199825,0.8501048154356461,0.7974202591068449,0.3796022353185083,0.8955605360718475,0.3830533743669723,0.2496444979898461,0.4753067335850823,0.515686569672391
10350,0.7571529227763769,0.8501731734803465,0.1706303105695688,0.3796900484680425,0.7670227800436158,0.8955610488186795,0.5793669712629348,0.3692175932475252,0.4070528590054365,0.2457779778870535,0.3942566856763764,
10400,0.7475431387578577,0.8502504426586316,0.7975868728862571,0.3798216174320707,0.3830895846105268,0.407438870427567,0.3938508232267559,0.475366593875657,0.5157392079525163
10450,0.7476105824098949,0.8503129264910564,0.7977134857360805,0.871023874364095,0.1398610105319852,0.3950054289053358,0.379928030181384,0.7671659116514075,0.8955625946251871,0.3831264387682946,0.3695708806777785,0.4076183909987587,0.238614812743579,0.4754340248765902,0.5158890340752847
10500,0.7476864079726177,0.3090809439948064,0.7977905222842656,0.1701618285685285,0.1401885858440306,0.3952129830138255,0.767259027388774,0.5799806642213404,0.3929346432955365,0.4754774931664501,
10550,0.2974742046910177,0.756074345843796,0.1700943067350758,0.139697028722217,0.3954583040485545,0.8955597488442002,0.370042021281758,0.4077715011705232,0.2325180498688862,0.4755736078684376,
10600,0.7478286559062658,0.7558275477519744,0.8711859052179016,0.3802072845336034,0.8955597311576963,0.5804217213650501,0.382967519193344,0.3702814981688702,0.3925582623370397,0.4758800828246634,
10650,0.850511332450086,0.7981351403041751,0.170067008039597,0.3802609520816256,0.7674670009666853,0.8955681071303015,0.3704714926813202,0.2271645471735738,0.5161739748012019
10700,0.8505602451337922,0.7982292534860299,0.1699590006836143,0.8712290827124326,0.1396182828223438,0.3706762231332697,0.4080068794643975,0.3924242788269746,0.475830315189111,0.5162248985457363
10750,0.8506277036377303,0.8712956350490548,0.3961664601459978,0.3803770910512649,0.8955756422622801,0.5809395494531033,0.39249721027486,0.4758413958464178,0.5162511784791127
10800,0.7480043752230083,0.2660199764996437,0.7983720009507324,0.1696991463983546,0.396376163786703,0.3803904543791785,0.7676510749707778,0.5811943587896915,0.3831117171566425,0.371073523426197,0.4081026336495585,0.2209004727045063,0.3922452447626597,0.4759147326595415,0.5162987344086566
10850,0.798462642070303,0.1397398855161658,0.3965189431860362,0.7677169015551473,0.391842980389039,0.4760620677157985,
10900,0.2603218224178281,0.7544949822681093,0.1696448552657125,0.1398068588153824,0.3804043118444821,0.8956259319683462,0.4080580922198154,0.476065482751714,
10950,0.7481832874092498,0.1696041859009143,0.1394162922137376,0.895632310465279,0.5817220210607338,0.3832522198234752,0.4080264916228233,0.2151784824512634,
11000,0.7539685134653517,0.8508894994362257,0.7986824681926362,0.1397365924773069,0.3805056783912037,0.7679635273584717,0.8956395338386288,0.5819719387192498,0.3831984844094493,0.4081680745202866,0.3915151279985048,
11050,0.7482066513849727,0.7987762810558579,0.1695980700872535,0.8715201414952906,0.7680518482388987,0.8956425828913397,0.2114848804231247,0.391479939579632,0.4762173608347576,
11100,0.2529431386775423,0.8509109803395083,0.7988632363659363,0.8956281919812045,0.3831953567245658,0.4762742904545412,0.5164996052819891
11150,0.2517091608885082,0.7989193547431376,0.139234190644907,0.3806290267656868,0.89563871807701,0.3832778484393159,0.5165210978177377
11200,0.2504394935898378,0.7531396774724195,0.8510241039230754,0.7990061304304413,0.1693979912914955,0.8715058137204332,0.1393861763553141,0.3806014575215758,0.383362649294058,0.408120481411328,0.4762960918558406,0.5166054460372012
11250,0.7483378203098856,0.2495574037623716,0.8510664007229377,0.1691362435457467,0.8714790867436277,0.3806746470162887,0.895652115298184,0.3832959224496156,
11300,0.7526392374760227,0.8511139106445786,0.7991788566041756,0.1691556645946171,0.1392716358608141,0.3982420200555424,0.3807424216116244,0.7684809133025792,0.3832896658541886,0.4763488085866796,0.5166024204178451
11350,0.7484586648575853,0.2486305150212821,0.7524205306045334,0.8511594295226461,0.1689979688307839,0.7685729946938922,0.5836445106685775,0.3731164036442443,0.4079521636236712,0.3905174082000847,
11400,0.2484679714007842,0.8511836486683217,0.1690559473787594,0.8714790212449306,0.1390491890916934,0.7686371475851819,0.8957145196473896,0.3832905514313319,0.373255847353345,0.5166232152925808
11450,0.8512228179279389,0.7994012776075495,0.1689825701908092,0.1391906082093428,0.3808003807776206,0.8957197242443538,0.3734541169008006,0.3903339701705667,0.5166239496674535
11500,0.7486040443765588,0.7517924580352319,0.8512674057125561,0.7994796115792323,0.1689532489220844,0.8714592147827789,0.7687681613880673,0.895744403700973,0.3736800209044873,
11550,0.248676501291433,0.8513128689500329,0.1388355230741507,0.3991628557724617,0.7688191868050573,0.8957460922892376,0.5849599859538608,0.3739534815618525,0.4076202962302956,0.1965964884510639,
11600,0.248825877038234,0.8513727209302281,0.7996825104315591,0.1686146096287467,0.8714483426626951,0.3993677565876053,0.3808990268640892,0.3832957216092875,0.3741576747875358,0.19548520521157,0.4765995515003012,0.5166641426361411
11650,0.7487337399386984,0.7997270506961599,0.1686819701433105,0.768957394731156,0.8957818915487683,0.4074161256158295,
11700,0.7487831303865466,0.8514119576426498,0.7997916329306953,0.1687127402754908,0.1392895765334406,0.3997748653084345,0.3809418131659003,0.8958181490925435,0.3745762214992066,0.4073993493698047,0.193065970451124,0.5166593763083626
11750,0.748809284184625,0.2506010795226984,0.7998690099472728,0.1683338576471817,0.8714087956545223,0.3809620158795442,0.7691207441511017,0.8958273448897442,0.58633717715304,0.389767340646172,0.5166428742132774
11800,0.7488271814201108,0.2512360613867886,0.8514728220034501,0.7999490106844541,0.168464766557442,0.8713999617992149,0.4000469085683461,0.7691895088192034,0.89585563775433,0.5867246718059139,0.3834640009816925,0.4073478990820102,0.389764561112129,0.5166159889881123
11850,0.7488412342755908,0.8515004683910178,0.1684899522946344,0.1391920349659111,0.4001236771397085,0.8958534621820516,0.5871285499436125,0.4071587972198588,0.1899011259744742,0.3895886081147043,0.47699895431208,
11900,0.7489033240881646,0.2529786709220511,0.7500430209676543,0.8515169383958452,0.8000698419354719,0.4004370904533197,0.3811078925556314,0.8958624700068678,0.5875755016704256,0.3834474510977776,0.3754547720715765,0.4070742313839587,0.3891410233848975,
11950,0.748938343737896,0.2539484207207338,0.7498311522914655,0.800151334657635,0.8714220213604815,0.7693850754345638,0.5879821700262916,0.3891764276128648,0.4769707286239098,0.5166303134073241
12000,0.8001990253153568,0.1681352574992445,0.8714148471226116,0.1388384090733761,0.4008418808552088,0.3812474770975693,0.76944829981889,0.5166714202716715
12050,0.7490366504841827,0.7494450590956011,0.8002898029491251,0.1681685124285702,0.1390788352681516,0.8959301133871401,0.4068356079594512,0.5166969756432692
12100,0.7491180698251345,0.8516601543830601,0.8003839099004747,0.3813274108222931,0.5890887995163832,0.3833829921118732,0.3763411066928142,0.1856453759641975,0.3891727728067842,
12150,0.2585235846028481,0.749072665415757,0.8004578745463842,0.1678893730706052,0.1390723864445959,0.4014110949827902,0.5895603385559283,0.5167633515259124
12200,0.2594654045194677,0.1680621589160456,0.1386958700445854,0.3814439145958144,0.7696352127237743,0.589941452388437,0.3766524148027393,0.4063607400374878,
12250,0.7492935001270723,0.2609086829600578,0.8517715487818385,0.8005797482466375,0.1678288476223292,0.8714499537672802,0.1389312858310369,0.5903825168927376,0.3833260305962632,0.4064000766249836,0.477141188476459,0.5169853503741
12300,0.2627027952433807,0.748356350997131,0.7696933346357944,0.8959933630182202,0.5908570738050232,0.38350305387922,0.3770920419080976,0.4061468184303032,0.3886970716693479,0.5170551073318883
12350,0.7493914828862713,0.2639685290994715,0.851849877796216,0.8007019777029039,0.1677076025870838,0.8713663485706415,0.4017998103333051,0.5913809045468297,0.3835907440623513,0.3772458007172797,0.4061571246618614,0.181630916427534,0.4771120349609364,0.5171907703774645
12400,0.7494286615121513,0.7479743220418285,0.851885798622414,0.1679887768978462,0.4019120062199424,0.7697477306942344,0.8960205281272158,0.3774980719232991,0.4061418168998755,0.477160344815513,0.5172041787757167
12450,0.2673263223211395,0.8713236336819041,0.1385960026162381,0.4021352330916676,0.3776540091060059,0.1803601644136485,
12500,0.7495421334738638,0.2688899642455785,0.7474617070639396,0.8009066828471351,0.3819131475022303,0.3779189309017417,0.4771743116389466,0.5172802128959805
12550,0.2708668921663632,0.8519911797589305,0.1383205199611785,0.4023287007973137,0.3819644542088026,0.8960675724179553,0.5932121302541893,0.3836061466722376,0.4056894633105706,0.1788965701411607,
12600,0.272371215750861,0.8010206130586393,0.8711932266412499,0.3820240827012387,0.7698686868439487,0.8960851565808883,
12650,0.2740843913173973,0.7468397770264553,0.4025063026189547,0.3820963202190816,0.7699330462784281,0.8961060622203242,0.3785384517060731,0.5174974905051483
12700,0.7497138534181039,0.7466386810429306,0.1670834129662632,0.8710661481496155,0.7699626269996258,0.5949055109518141,0.3788251411917161,0.4055236403839907,0.1771333046674597,0.5175307806314767
12750,0.7497284257671784,0.7464346082112141,0.8520510573242887,0.801158925000727,0.3822219158956099,0.7700487628434093,0.3790179433094666,0.4054547351748285,0.5175829051628843
12800,0.2799931093368968,0.7462098121805805,0.8520850401861673,0.8012421110435558,0.1386415298922144,0.3823525587042718,0.8962037705487199,0.3837020752595684,0.1760982582228692,0.3876765407198133,0.5176786265684079
12850,0.7497531322585153,0.2817062832130358,0.7459650137609302,0.801271817159701,0.1667389320698447,0.870942781192321,0.1385979245131628,0.4030018951700936,0.896283162207,0.5967133914650916,0.3794065359711835,0.4050623528925015,0.3876223571541785,0.5176786269002683
12900,0.7498041687211333,0.2837602058267918,0.8521165307797203,0.1667346389193953,0.8708880308841621,0.4030191295874493,0.3825336426357428,0.7701570970712844,0.5972881222403886,0.3796074281170354,0.174880392908433,
12950,0.7498403233727793,0.2855383517171295,0.7456801846939561,0.8521263128426022,0.8013818890950829,0.3825761090402613,0.7702014776715254,0.896329764233693,0.597667070537828,0.379752168880466,0.404819109991854,0.174546592689645,
13000,0.8708165772682696,0.1383014612411351,0.4032144480177886,0.3827060700019116,0.4047378969583572,0.1739499450942431,0.3875328096342241,0.4774585895114072,0.5178543201786315
13050,0.7499821682905795,0.2895146003106431,0.745173101340852,0.8014760312996341,0.4033421625706405,0.3827620873371064,0.7703083797667746,0.5986021275683652,0.3836858067452489,0.3801269081422755,0.4047975334154288,0.1736174878477297,0.3872637883015835,0.4776162723742241,0.5179235337798794
13100,0.750010111724996,0.2913183375280302,0.8707772163403682,0.1385376046676546,0.4035509776755231,0.3828228981746098,0.896401693830334,0.4047355860303875,0.5179512407802875
13150,0.8522013378655611,0.8015452180361805,0.1663023703417075,0.1383268193706127,0.4035718715038394,0.770396637652033,0.8964002623032614,0.3837796921740389,0.3805637787993647,
13200,0.2953241641687631,0.7446195366245505,0.8522020412506126,0.8015714631751447,0.1663348649520919,0.8707350375230365,0.4036797368483291,0.8964188972933622,0.6001478254947673,0.3836835654653513,0.380762925828784,0.4044771703800118,0.3872587097873406,0.5180238986384358
13250,0.7501385001025457,0.2970779449530767,0.8016172086554041,0.1661058134467402,0.8707080752890229,0.1387023166824331,0.3829799080717314,0.7704764341195924,0.8964698028913738,0.3809494617107904,0.4043975523842968,0.1718877500300248,0.3870215104619605,0.4775711560779299,0.5180919711051215
13300,0.7501767614338931,0.2987272841667395,0.8522443670822589,0.8706836615430518,0.1384927795545138,0.4038579485421967,0.896471485649764,0.4044100567255655,0.5182295406811552
13350,0.7502233444600744,0.8522669003083896,0.8016808723098275,0.1658945283803465,0.870640961293532,0.3830325816267876,0.7706265893347405,0.3837342501854037,0.404215966228911,0.3867209181870807,0.47747365313096,0.5183020663702179
13400,0.743919082428217,0.4040281269061359,0.3830692061351975,0.6026626891914855,0.4040872932260856,0.1706283566592965,0.3870152290490344,
13450,0.7503232885560412,0.3044253237143165,0.7437783560386109,0.852313089022824,0.1384257685661588,0.4040751006788952,0.383142183232917,0.7707036347651329,0.8965441420153896,0.3837882209568337,0.3817677420409878,
13500,0.3062336445034312,0.8523133300573701,0.8705639180150344,0.7707637172291485,0.8965625915138368,0.1699033808763692,0.3872556127904255,
13550,0.7433856604379776,0.8523334204161225,0.8017843874128141,0.870552192613926,0.1384201709985754,0.4043255324035268,0.7708067743671078,0.6045531745219742,0.3838706479715113,0.3821194335803021,0.1696017417768065,0.3871291726936312,0.4775591438678139,0.5184679214762521
13600,0.7503654035031545,0.7432858356525874,0.8705417201269781,0.7708584209995358,0.6053291140203418,0.3838512156368929,0.1693452101353192,0.386993291889686,0.4775712346233043,
13650,0.1656554587750871,0.1381639819642902,0.4045271073862901,0.770899421674673,0.8966404870888762,0.3838858572104265,0.3825946333056743,0.1688370870718124,0.4776337240241401,
13700,0.3131392764906497,0.8523371359175446,0.1655464748399733,0.8705119064065447,0.138445478256721,0.8966719789330305,0.3838087860053658,0.3827865253594741,0.1687866581054809,0.5185935085317667
13750,0.7504596958386933,0.3147420938668992,0.8523263865236105,0.8966935395106872,0.3839164824773179,0.4036530780397143,0.168380708402647,
13800,0.742579858159172,0.8523242238176082,0.771010817875622,0.8967274849147978,0.6083103187857629,0.3832396646846521,0.477603364192256,
13850,0.7505573507579493,0.7423517881393887,0.8523534110765908,0.8020307231389048,0.4050608066024524,0.7709824176312028,0.6088419497833257,0.3839914148495669,0.4033147082656488,0.3863192909299683,0.4778041757616593,
13900,0.7505700746468613,0.3194207200109087,0.7422669625225671,0.1652436244849786,0.4052321253899977,0.3833584411801776,0.7710058633284761,0.8967516083948691,0.6096304106292773,0.4034624340103055,
13950,0.7506133025634665,0.7421039795271631,0.8523800736434695,0.8021315208292439,0.1653570421697542,0.1381402217886461,0.3834252130135788,0.3840858042719612,0.3839234623377222,0.1669737200562361,0.3860453794045617,0.4778965353136923,0.5189110778263412
14000,0.7506598235947495,0.3226216260959599,0.7419892454721724,0.8523892794422547,0.165253612375427,0.4053888383179778,0.7710830587520238,0.8968352936014676,0.3841160078247211,0.3840564404451407,0.4032352365942225,0.3860107715187966,
14050,0.7506313770089982,0.8523854158832587,0.1652533049397679,0.137905220831544,0.4055609064309672,0.3835550808338752,0.4029949197142674,0.1665840585445231,0.3859773652882473,0.477939411026507,0.5190476021448884
14100,0.7506513080780391,0.1653682493814484,0.8703104829126094,0.1379522658029873,0.3835923387919765,0.7711600112611812,0.3841135705402144,0.3844526019546773,0.403049756559022,0.1661722922749794,0.3858866201432595,0.4779210466633115,
14150,0.7506821665243331,0.7414901391636036,0.3837063359309983,0.7711896544117071,0.8969004642774262,0.3859580195617599,0.5191964264141273
14200,0.8523904577041553,0.1651440026793659,0.1377328672094841,0.4058762397738319,0.7712097896896133,0.8969132560833943,0.6142513251541319,0.3847791279435859,0.4028583704654388,0.1655365715015286,0.3856041267479927,0.5192661544036496
14250,0.7507417243976938,0.3294462635024898,0.8523879408288794,0.1651036477503978,0.8701906248561045,0.4059428816550069,0.3838247040528709,0.8969147412746065,0.614994804328335,0.4026939123973593,0.385551411502029,
14300,0.3306308760126332,0.8523897425240067,0.8024398075558435,0.870178368112897,0.615824929622095,0.3841932882500313,0.4026957235788568,0.3856403890238351,
14350,0.7508323287205043,0.332045123757112,0.7409112791301523,0.8524056032150444,0.1651310423374929,0.3839391131748544,0.8969652019808033,0.6167830273033299,0.3842531751839771,0.4780901707008674,
14400,0.750866010416685,0.3332401428922072,0.7408505251090881,0.8025362880284032,0.8701672155719156,0.4062621732345108,0.6179912236280685,0.384114201326217,0.3851408379662084,
14450,0.7406171507114777,0.8524064781778881,0.8025332591312654,0.1649835678411932,0.4064854998700289,0.7713665318581173,0.618774312698033,0.3841653874278095,0.3858490054766316,0.4023369234840034,0.1642476790525303,0.3851388194372006,0.5195115818342463
14500,0.7509326689449466,0.1378335640928159,0.7714078154197651,0.897027052258607,0.6198662409715152,0.3843106956975088,0.1642059076872642,0.3849658310381874,0.4782009703525912,0.5196015166871906
14550,0.7403251064569011,0.8523843907475737,0.8026238870019003,0.8701093890127076,0.7714130026844376,0.8970222057789841,0.6210761446944884,0.3863092969571713,0.1638657304346256,0.3847755365388822,0.4782451205299126,
14600,0.7509841809936874,0.3381130616658395,0.7402143252160844,0.8523990047033765,0.1649687934783054,0.8700784464205942,0.3841166801000149,0.8970379532820019,0.3844143553925757,0.3865424123649935,0.1636702873466489,0.3847355528266307,0.5197344207766844
14650,0.7510035281306955,0.7400347814023203,0.8026687028891342,0.4073084415498258,0.7714750790243053,0.4021156289105574,0.163299281714946,0.4783890173177131,0.5198442536874148
14700,0.8027091411387702,0.1648516525439763,0.1379948061947744,0.3842063562264191,0.7715104870328859,0.8970973693684847,0.6248254649215222,0.3843540820913575,0.4019515200513885,0.478524960008008,0.5199874032076715
14750,0.7397202399421029,0.8524459315245317,0.8700034092531811,0.40773180280708,0.8971203030111126,0.6256874700186149,0.3870930001977083,0.4019992291329141,0.4785798142583546,0.5201330025113574
14800,0.7395228537188926,0.8524511906397547,0.8027747265816453,0.1646502228016243,0.8699821632770515,0.1378827437682933,0.407898089186487,0.8971274749808582,0.626363108269809,0.3873674536086589,0.4017869863808067,0.3843741262220057,0.4786369288963266,0.5202467637718525
14850,0.7511809008689365,0.3433130012846729,0.7393733161148419,0.8524840863739731,0.1647841628340848,0.8699530121308895,0.3842490535803307,0.6269016302907429,0.3843732616645673,0.3874876572254498,0.401754153140388,0.1624898401819133,0.3840878399359708,0.5203107224216073
14900,0.751209130470023,0.3442350124247988,0.3845033165746598,0.1621599311249877,0.3844598538999391,0.4786676195739696,
14950,0.7512615987847324,0.8524867846257752,0.8028559377197348,0.3843877160067928,0.7716293242178929,0.4015259086027346,0.1619280318504596,0.3842557444407547,0.5204748057858861
15000,0.751324854481416,0.8525061311270259,0.1643076193801457,0.8697866589110447,0.1377251638678479,0.4084175719774682,0.8972062365498649,0.6270956725666318,0.3845355820614121,0.3882114518824168,0.1617555271548334,0.5204980675026595
15050,0.3470174841540169,0.7387979937595504,0.8525146336175481,0.8029080822071631,0.8697651431036001,0.3844600880492315,0.7716811651665155,0.897208485281586,0.6259102684410643,0.3844695241979271,0.4014276698344652,0.1615619335124473,0.4786746750386513,0.5206178469921646
15100,0.7514183013453718,0.3480202699954163,0.7385884980700601,0.8525211426850847,0.1643458017476707,0.8697116183982915,0.4086821028235568,0.3845080604435243,0.3886199158546193,0.1614055232971182,0.4786689461472976,0.5206247313510466
15150,0.3485767286068988,0.7384515874450922,0.8525307509930604,0.8029689657553605,0.8696668997684711,0.1379189456364489,0.3845419858871786,0.7717138029264841,0.8972420758238902,0.6225186033880732,0.3845280012496771,0.3888356570284733,0.4013964972827948,0.3843137534716316,0.4786715687719888,0.520753003177744
15200,0.7514982578466634,0.3495750214605879,0.7382914316856559,0.8525362737080204,0.8029898219680341,0.1645894680628058,0.8972562334957475,0.3891099873630025,0.1609834813871764,0.3840501248693285,
15250,0.7515474877160726,0.3503194809429828,0.8525416801486875,0.8695620857216964,0.1377252134666518,0.409065097204645,0.3845954859500703,0.6187307617190895,0.3844434777748898,0.3892718732331344,0.4012584330469559,0.1606977965979662,0.3840138506431306,0.4786615804044544,
15300,0.7515584985028774,0.3511708321041898,0.852566484848698,0.1645491298707997,0.869532602729498,0.1378546287453655,0.3846193751865987,0.8972841113411268,0.3845303243705423,0.383749630343584,
15350,0.3520644417641892,0.7377651655946627,0.8031159760838443,0.1641889938693375,0.4093836120468567,0.7718336439618426,0.4010726067806822,0.16044946621233,0.3839851067057048,0.5211283480421387
15400,0.7376670392283556,0.852581070215652,0.8694561900121894,0.1377172758716238,0.4094125116102877,0.7718733634957992,0.6146127138812418,0.3845545919082627,0.3899550861334304,0.3837146009107007,0.4788751075146004,
15450,0.7374725729053672,0.8031634032827711,0.8694182035576276,0.1376946127369127,0.4095427753376224,0.384728438282779,0.7719020296116217,0.6136193623134577,0.3837586872985935,0.4788979370163831,
15500,0.7373344333754827,0.852603208141446,0.8031970824953618,0.7719625498926637,0.897338313248551,0.6130270873447309,0.4010187733634995,0.1599721612060776,0.5213221496792412
15550,0.3549076592676887,0.8693478309818296,0.3847570140786767,0.7720162731543951,0.6121036894711496,0.3845495099818348,0.47899216397794,0.5214022580514263
15600,0.7369200766960496,0.803262886718272,0.1640094309150511,0.8693042692016147,0.1377748942232957,0.8973852751368795,0.3846693511076367,0.3907038483968366,0.4009323613723232,0.3837248762942583,0.5215215643083609
15650,0.751882104470326,0.3564477285402221,0.1639075295875451,0.137412492159952,0.409887129046565,0.8974419396148,0.3846694648782073,0.3909365556772874,0.4009003293369834,0.1596360757936928,0.4790639047469521,
15700,0.7519137937233401,0.852676786790329,0.1641928552843629,0.8692468970442341,0.1377832537027267,0.772124270753151,0.6130645867765655,0.3847094414788915,0.3911929914676302,0.3836658160509422,0.479080491618257,0.5216604645487819
15750,0.7519704533969275,0.7366025905896195,0.8526694132381539,0.3849307058700615,0.8974808199476296,0.6141764060183743,0.3913241958404115,0.4008196815474804,0.1592877350110098,0.3834421950621375,0.479076513000911,0.5217126065210468
15800,0.7520048769118327,0.3584227931320144,0.8033725942576002,0.163933019705758,0.1375407906848781,0.4101414125447339,0.772196171333805,0.3846435985833577,0.3914803030519685,0.4006164715640471,0.4791860305795269,0.5217493640453182
15850,0.8034066908067582,0.3849644283938013,0.7722193095439527,0.8975346684119196,0.1589668458580023,
15900,0.752045374868026,0.3597105372704252,0.7361410947231448,0.803431175962397,0.8691129849408324,0.6179390759100141,0.3847772073672367,0.4006313028928622,0.158912927295989,0.4791420954600205,
15950,0.7521159650932648,0.8526699388006433,0.8034561235032845,0.1636391279124054,0.8690714345776122,0.1377854405195708,0.4104827875071878,0.3849784069683099,0.3847880638747903,0.3920581470747653,0.1586125583989707,0.3836214691263678,0.4792897803681145,0.5219699819155936
16000,0.7521428496989402,0.3611128467257679,0.7358353339631609,0.8034712456723211,0.8690350303139854,0.4106684395440502,0.3850264639722545,0.8976140354995478,0.6201412082770686,0.4005603194061188,0.1587868850579357,0.4792745243068236,0.5219932829078979
16050,0.7522106708465001,0.3616781993094843,0.7356604136554311,0.1636905501582211,0.1378504470818505,0.4107655786205288,0.3850773045741067,0.8976196682614419,0.6204202963996412,0.3847722545493303,0.3924349464435375,0.1584362914646894,0.3832365630493284,0.522046335767711
16100,0.3621176880722904,0.7355320625933105,0.8526936248024124,0.7723904042141487,0.6206259868730998,0.158502135224108,0.4793540642834771,0.5220876744134825
16150,0.3628070172979495,0.8526973895456732,0.4108973095916366,0.3851639680063849,0.7724135686335842,0.8976317896537743,0.3849194741316197,0.4004000771967502,0.1584115820868866,0.383014786597265,
16200,0.3633596883084135,0.7353272678725294,0.8526959981704312,0.8036308225956653,0.1634281094057012,0.4110074397220788,0.3851216581726056,0.8976629229319713,0.3929021631430944,0.4002197348498109,0.1583445676369947,
16250,0.735262701701969,0.8527103564154447,0.868916324926536,0.4111752315619135,0.3851902871886382,0.7724563382337136,0.6197022868428834,0.3931606781097505,0.4002121200588803,0.1581302836698356,0.3833629827462305,0.4793643454466902,
16300,0.7524780502161059,0.3645201915288966,0.8527144395669424,0.803681149792033,0.8688773797000322,0.1374829758847528,0.385235162984031,0.7724991703772178,0.8976811364426875,0.3932309429923136,0.5221400121196141
16350,0.7350466591610318,0.8527170517361081,0.1633746770500494,0.8688476215151314,0.4112837923358005,0.7725169979773979,0.4000674944263417,0.1578940742499199,0.3833912119758361,0.5221646783387024
16400,0.365493017849881,0.7350406783407992,0.8527160103937389,0.8037277543926331,0.1375072404177971,0.4112692263798798,0.8977586425282883,0.3849824911543206,0.3936402773076366,0.3999903748050783,0.1579363618755975,0.3828995002811342,0.5222875432943874
16450,0.8688393811139055,0.6174955165368456,0.3850190012273874,0.1579272296181753,0.3832201463825054,
16500,0.7526074294985288,0.7347206492657777,0.8527263175312177,0.803770440085929,0.163337830737157,0.385349988820016,0.7726087241035131,0.4000573794142616,0.3828628688000018,0.4796208709622689,
16550,0.7526518219521972,0.367173667358589,0.7347017987073474,0.8527515211064451,0.8037675361791968,0.8687779933506858,0.411423310350968,0.7726343554918238,0.6164722683802237,0.3942359347879923,0.3998845954850144,0.157735692034808,0.4795062197242704,
16600,0.3677044095020825,0.8037942997446473,0.1633293287528423,0.1379123724450638,0.4114144891034175,0.8978182341734223,0.3999402134280468,0.157592201308602,0.3830735667064748,0.5224305218282466
16650,0.7526997137273862,0.3680421937622502,0.7343367321678719,0.803827675402877,0.1376869883476165,0.411568779178724,0.7726752130285552,0.6171784278250398,0.3850234379295216,
16700,0.3685890156967639,0.8527916256905269,0.8038509137935272,0.1630122505948543,0.8687529612012871,0.8978683850307214,0.3946195007904516,0.3998428876451413,0.1573897636191124,0.3831240888990672,0.5224619669025553
16750,0.7527376630017177,0.852805567264948,0.1629284844582663,0.8687137556057869,0.3855362252252686,0.61806456353671,0.385144057453329,0.3947915087147153,0.3997760111326153,0.1571424850347492,0.3828824465208701,0.5224749522555295
16800,0.7527460018402056,0.3696172776510846,0.8038767817183278,0.3949448355152233,0.5225497330785175
16850,0.3701150312732505,0.4119662372681652,0.3855765145430811,0.7727380949396466,0.6195315499239715,0.3950466372612239,0.3830623728211563,0.4799227650314387,0.5225631950663443
16900,0.7528522817542136,0.3705256604868957,0.7339568485760846,0.1374362664427244,0.3852332987289539,0.3952527370454775,0.3997878896127848,0.1572293349088437,0.3828844348576293,0.4800720002286125,
16950,0.7340299160684652,0.1627521654545359,0.3856509627504844,0.7728001253392085,0.8978983368251244,0.3995614101563515,0.1568911633332473,
17000,0.7529077650941989,0.3713734390853749,0.7728582250402651,0.8979103513674982,0.3852122420272255,0.3954746794846132,0.3829622934370608,0.5226040571253963
17050,0.3718318471946235,0.8528162914318634,0.8039802899462534,0.8685612150261744,0.4121573960117809,0.3856912261301007,0.6279034098564412,0.3955426892089121,0.3995021157798753,0.3833390039882219,
17100,0.7529491138740981,0.3721165031421364,0.8528117025288765,0.8039830686772104,0.385721224795255,0.8979282134142953,0.3853107914867859,0.1568693632291884,0.3829911954930091,0.522657503687015
17150,0.3724971371968721,0.7335214065670121,0.852832165259183,0.8039973068948859,0.8685160337465053,0.1374252769349639,0.4124279529181628,0.3857260229379458,0.8979490859254307,0.1567406035667524,0.5226853527199729
17200,0.8040086576579896,0.8684914032281628,0.4122931606773789,0.3856873801276138,0.8979592839583325,0.6320469267265483,0.1565441634793102,0.3828601489115201,0.4801349348529718,
17250,0.7530698917360661,0.3732679865850619,0.7333222192257346,0.8684708032334462,0.1372633604756157,0.3857114605182382,0.7730594803753088,0.3852989967990531,0.4802559502218932,0.5227411086926722
17300,0.852833038668254,0.8040755694333931,0.8684464047892062,0.1374495671991636,0.385794287085438,0.3853227387371578,0.3994271829070928,0.1562722740949907,0.3828468299240121,0.5227038035269074
17350,0.3738936741607704,0.8528572158770502,0.1625319923618265,0.8684205029729709,0.137650256114106,0.7731262340312568,0.8980050510266935,0.3830904817902879,0.5227624617508889
17400,0.3742173122134763,0.7331626297062088,0.8528560941604731,0.8041095604464792,0.8683855169584476,0.1374070538959045,0.4125936267137092,0.3857794684406685,0.773117995856299,0.8980026550444246,0.3993286144195985,0.1560719708197709,0.3827349894454885,0.4804342569833241,0.5228453124501571
17450,0.7531043573113916,0.8041124759134896,0.4126081113467637,0.3858422723926697,0.3993815792237856,0.3830794895394856,0.5228252851880091
17500,0.3749558273724483,0.80414840961895,0.1626751763253897,0.8683366832315446,0.1373924777539079,0.3858295472952806,0.8980503100757187,0.3967613627911009,0.1561074140834559,0.3830523142997892,
17550,0.3752612023966321,0.8528775136687021,0.1626657352498685,0.1374643661949689,0.7731780542814303,0.4804821553153574,
17600,0.3755664401469193,0.7327204860342182,0.1627198356075285,0.8682588732452212,0.4128375094212751,0.3858319372504665,0.7732351504253218,0.6378953652458347,0.385353526876082,0.3971171558142565,0.3992736038939263,0.4804227136031886,
17650,0.7532444884169687,0.3759039390336717,0.7326507070633089,0.8682369746444306,0.1372288256998389,0.4128876878850752,0.7732594108790445,0.8980873956954555,0.6382978717016806,0.3853113836288481,0.3971758135125201,0.3992502746605997,0.155723280432716,0.3826835344591236,0.5229859721757558
17700,0.7326562466068629,0.8042218688908745,0.1626299221488178,0.1370815506870989,0.3858543324419251,0.7733077939956513,0.6387842014064788,0.3853085695591123,0.1557861188347958,0.3827381786997237,0.5231185337862279
17750,0.7533175249252956,0.376448145330203,0.7325460634800368,0.8528893053178155,0.8042447805330664,0.4130779554097361,0.3854639953006528,0.3975678649462688,0.3991027068954342,0.1555232564743735,0.3832170380894071,0.4805300118283153,0.5231208361349683
17800,0.7532909154422482,0.7324940992306789,0.8528845502014165,0.868176434158233,0.1376457470982199,0.3859390936655242,0.639605107303416,0.3853440946453527,0.3989816213749086,0.5231668330131544
17850,0.7533560621136534,0.8042994631682847,0.8681586069385084,0.1376262843757988,0.413190633993388,0.1554354872628709,0.3826411955165189,
17900,0.75338166892479,0.7323500572542324,0.8529048021063259,0.162781633932383,0.8681476564857579,0.1374110883639239,0.4132763516070686,0.3859673813693228,0.397971576178962,0.1553599533064854,0.3829985812032797,0.4806571879480111,
17950,0.753413489651893,0.8529093640808368,0.8043344023624288,0.1375213148336897,0.4132354101138801,0.6405387832079901,0.3854031032140084,0.3980475493315756,0.3991031567272958,0.1552143290702451,
18000,0.3774271778255079,0.8529026503495316,0.8043734089917854,0.4131978733947501,0.3860385757544484,0.6405532170716449,0.3981460689328659,0.3990583251970164,
18050,0.3776873423303413,0.7320962585546248,0.8680888598860089,0.7734757883542001,0.6409316776423838,0.3982738825630229,0.3991542187427349,
18100,0.7535276307438984,0.3777707794399648,0.7320863896564104,0.8529056081779551,0.8981151342037544,0.6412451817055955,0.3854935823990991,0.3983876167349162,0.1551005132470726,0.3828241015057368,0.4808229084080255,0.5233873692773263
18150,0.7535695421418769,0.3780200359786955,0.7320039438065671,0.1625857534216697,0.8680602015606402,0.1371267731148326,0.413573212126171,0.3860721386763283,0.8981521728780671,0.6413663344600292,0.3855483750172245,0.3984196655293026,0.3990507906362364,0.4807602835432595,0.5234413960657408
18200,0.7318602291338704,0.8044379577954239,0.1624988157439812,0.8680462222604522,0.3861116931690018,0.8981501969516072,0.6416533030763951,0.1549362970530704,0.3827591242160935,0.4807339220227712,0.5234824031476177
18250,0.753609470986642,0.7318338802725519,0.8044466851686793,0.4136897735591494,0.7735731201838918,0.6419129795496699,0.3984296162666855,0.3989571820394106,0.1547697835920223,0.3827879783220228,0.4809495304416902,0.523588150233765
18300,0.378214997179279,0.7317718522567996,0.1626551392285781,0.137404075272717,0.3861873102829425,0.7735767795291555,0.898177147625329,0.642298329486355,0.3829386968747832,
18350,0.7536427146873979,0.7316400929218022,0.8045113462494535,0.8680263703312368,0.1375449477492149,0.4139753964847387,0.3861833312497953,0.7735988665105866,0.642721209990535,0.3856423902821523,0.3984528212689585,0.4809092198700315,0.5236298225001242
18400,0.8528834848115784,0.8045120190903032,0.8680183950443966,0.386219323657641,0.77362023826382,0.898177140650683,0.643030557208898,0.3855571298904693,0.3985029663021932,0.154588917123027,0.3826199485370544,0.5236191239598222
18450,0.7537348386607454,0.3786075973893279,0.8528614279383409,0.8045315847461171,0.1627254443317209,0.1371584616212874,0.3862546354167781,0.643103945935568,0.3984734550519451,0.3988090714711391,0.1548187599663149,0.5235991456216843
18500,0.3785520212092822,0.4141337203769363,0.3862313805189623,
18550,0.7314232861022253,0.852857615242874,0.8679953475034704,0.1371617184082271,0.7737057509015272,0.6430895506564149,0.3825908411464509,0.5236724148992918
18600,0.731391507984809,0.8528606812818562,0.8046342170003252,0.1625863667192464,0.7737389266284973,0.3824520708269422,0.4810742864718272,
18650,0.378557151041209,0.8528673419541964,0.8046258801338146,0.8679837858645022,0.1370719608872392,0.3862749358854115,0.898199436009282,0.6433491890777508,0.1545102690980239,0.5237148573523628
18700,0.7539109890306961,0.3784195511841781,0.8679770661618389,0.4143457555954857,0.898211621843123,0.3856803377065997,0.3990345069289069,0.5238190137596755
18750,0.7312423743591732,0.8528658454389716,0.4144156110710859,0.386343492014965,0.8981925910941577,0.3991321731591067,0.3987600293616062,
18800,0.7539621762498854,0.8528608836433276,0.8046526581266714,0.1625868598494455,0.3863369073786357,0.6437860080323314,0.385690580094632,0.3991660199346625,0.3987519518321313,0.1542051327736939,0.3828410405167337,
18850,0.3782003003022854,0.7311440195382879,0.8679308886819884,0.1371524187358112,0.643713219529737,0.3856702777509298,0.3988537469459248,0.3827604735289752,
18900,0.7540311558550696,0.8528648682094261,0.1624885918182957,0.8679288422425069,0.1372551674274064,0.7738823379031768,0.898245163056896,0.3857771477184518,0.3994631930378046,0.3827382830823351,0.4811708771248627,0.5239543782857512
18950,0.7540907422908696,0.3777965071038102,0.8679162498221052,0.4148007366978641,0.8982343765635651,0.6438838064599504,0.3857028654037648,0.524008614593676
19000,0.7541194681678703,0.8047125354160061,0.1627715589766623,0.1374735224411076,0.4148828744079163,0.3864368648736455,0.7739017678036569,0.6439334582474878,0.3856630091727679,0.3997111372324715,0.3988169223260487,0.1541872061020608,
19050,0.7541574379758682,0.7309584576466238,0.8528510486341668,0.8679192577646607,0.3864079700860386,0.6439870292532713,0.3856971282803279,0.3998139306247855,0.3987995720615335,0.1539604638972436,0.3827698918512595,
19100,0.7541796850882607,0.7309589329081768,0.8047384927190991,0.1629102989672663,0.4149410824024355,0.7739525405601041,0.6437866387698594,0.3857053629996298,0.3998975210289063,0.3987065066840966,0.1538442430032571,0.382849061440732,0.4812226561677747,
19150,0.7542085846194001,0.7308773142218872,0.8047618898439692,0.8679230521599234,0.4150889464661937,0.7739651766233604,0.8982595767386358,0.1539686964681568,0.3825505443968265,0.4813878567960208,
19200,0.3767308871236948,0.730799180157109,0.8047945941975753,0.8679151033684552,0.1373138505221378,0.4150554818331081,0.3864620914555454,0.8982552351758099,0.3857292162090242,0.4000691593072679,0.3986783106040116,0.4812783196528835,
19250,0.7542535390049254,0.8679172569604522,0.1373622145458879,0.4150941941261859,0.3865081653500837,0.8982602660643598,0.6435690708421002,0.4001726117918469,0.3988330656933754,0.3828192339022655,0.4813754708734975,0.5241019352096093
19300,0.7542710781047915,0.8679064755234643,0.4151663179760671,0.8982790575342707,0.6435652943995168,0.3858723550407998,0.4002866987704129,0.3988083550736661,0.1539077072624652,
19350,0.7543131190214685,0.730774093402814,0.8528325596544308,0.8048433876799049,0.162730981683486,0.8679026600298201,0.1374776181076331,0.4152618906970158,0.8982884657873835,0.4004272103482555,0.3986458277588928,0.1538271946841297,0.4813640863489405,0.5241543099209308
19400,0.7543513721226269,0.8528226177806015,0.804847542834931,0.1625575027002432,0.1372753806142274,0.4152734569873482,0.774075632060303,0.643677999537264,0.4005145157002293,0.3986423453765604,
19450,0.7543645440647694,0.3750337774028797,0.7306253333894659,0.1375406754022173,0.4153817454884982,0.8982956764810978,0.3859876728333933,0.1534922373001231,0.3826786546675668,0.48135222499436,0.5241944416407869
19500,0.754402896912555,0.8528506372520596,0.8048801528400641,0.1372346241249899,0.3865915423461143,0.7741168718740082,0.6433165156009162,0.3986963083990622,0.153630334909792,0.3826921088044467,0.481337695280657,0.5242717531222236
19550,0.7544368673745312,0.3742552584409282,0.7304790139831374,0.8528502963547225,0.8048831915657009,0.4155620970929682,0.7741160676608222,0.6433180239697578,0.3859194071238506,0.3987092983292541,0.153580451101206,0.3827648891846359,0.4815704213083417,
19600,0.7544826800199793,0.3739558016770774,0.7303855898723225,0.8528481154161394,0.8048912234292127,0.162657708851025,0.8679220776640877,0.1371570975704907,0.3865658096476768,0.7741193023587518,0.3859591502383061,0.3986460889331775,0.5242991939509036
19650,0.7545104977716605,0.7304038444001173,0.1626425065686846,0.3866190386100881,0.3859663856151225,0.4011156605871334,0.3985256509990497,0.1536153669528581,0.3826015266193931,0.4814535198966837,
19700,0.7303267233460111,0.1625492928707047,0.7741565675112059,0.6434510117581198,0.4012962296897028,0.3985426798701306,
19750,0.7546160424976704,0.7302951793358777,0.3866123807508814,0.7741714019186662,0.1534598056117424,0.3827922816536742,0.5243812612925924
19800,0.8049877132341757,0.1626728515021757,0.8679531060846264,0.137321455106128,0.3866099038086509,0.7741797101859665,0.643504367084575,0.3860655802896976,0.4015932490659606,0.3985538830145654,0.3827027132537776,
19850,0.8528888358035043,0.8049855933070311,0.1627057605730605,0.8679682313704056,0.13712706247913,0.4157814238449113,0.3866360795344753,0.6435513860178218,0.3860578895782897,0.4017286776132802,0.1533479636433272,0.5244156629848434
19900,0.371026911681914,0.867973384758725,0.41594449882709,0.3866532742926712,0.8982901326178946,0.3860772401866046,0.3986260507276945,
19950,0.3704764134182809,0.8528944863368848,0.8049966576178327,0.1626056133294433,0.1373492384799534,0.7742471811471949,0.6438451335783686,0.3861579053403345,0.401956670144668,0.4816912834077179,
