Step,B_10 - gradient_symmetricity,B_9 - gradient_symmetricity,B_8 - gradient_symmetricity,B_7 - gradient_symmetricity,B_6 - gradient_symmetricity,A_10 - gradient_symmetricity,B_5 - gradient_symmetricity,A_9 - gradient_symmetricity,B_4 - gradient_symmetricity,A_8 - gradient_symmetricity,B_3 - gradient_symmetricity,A_7 - gradient_symmetricity,B_2 - gradient_symmetricity,A_6 - gradient_symmetricity,B_1 - gradient_symmetricity,A_5 - gradient_symmetricity,A_4 - gradient_symmetricity,A_3 - gradient_symmetricity,A_2 - gradient_symmetricity,A_1 - gradient_symmetricity
0,0.4194361236691475,0.4187976019084453,0.4473906314373016,0.6893210363388061,0.715417315363884,0.4375687551498413,0.7124655264616012,0.4383410781621933,0.6938027468323708,0.7074769687652588,
50,0.9442455393075944,0.5388293564319611,0.6241350403428078,0.4651261124014854,0.9413799732923508,0.784232131242752,0.9085740214586258,0.7314480048418045,0.9632869809865952,0.6798106837272644,
100,0.8637580454349518,0.8900649207830429,0.9150861638784408,0.9773960000276566,0.9833856016397476,0.9335301393270492,0.9780012249946596,0.914384024143219,
150,0.91788740336895,0.991928242444992,0.8405151343345643,0.9761536228656768,0.9836549615859984,0.9965207761526108,0.9345229691267014,0.9768649154901504,0.967801376581192,0.986254390478134
200,0.9538881993293762,0.8623868989944458,0.9801150864362717,0.9526098263263704,0.987711940407753,0.9380020022392273,0.9802655065059662,
250,0.8649747830629348,0.9633194416761398,0.8897755151987076,0.9051795142889024,0.9898934000730516,0.9974022763967514,0.9605092841386796,0.9827836048603058,
300,0.909938577413559,0.9915045601129532,0.967549461722374,0.9617349582910538,0.9867083013057708,0.9846148520708085,0.9870025074481964
350,0.9746040260791778,0.8657218724489212,0.8732727932929992,0.8567557346820831,0.9882174652814864,0.9757546973228456,0.992661879658699,0.9966467040777206,0.9728772521018982,0.9876735800504683,0.967674121260643,0.9947457754611968,0.9879751187562944
400,0.87253712952137,0.9780874747037888,0.9229967832565308,0.9767087310552596,0.988165437579155,0.9890267026424407,0.9872348886728288,0.9941493374109268,0.9884064447879792
450,0.862519444823265,0.8750076568126679,0.9910940623283386,0.9904100811481475,0.9960425448417664,0.978780028820038,0.9894463270902634,0.9878445911407472,0.989044105410576
500,0.7627051517367363,0.8178749948740005,0.991244813799858,0.996305330991745,0.9897357648611068,0.9891457915306092,0.9889881724119186
550,0.735721321105957,0.9819728684425354,0.8589325380325318,0.9913386660814284,0.8347553205490112,0.9802653747797012,0.993523228764534,0.9816912454366684,0.9884119826555252,0.990061373114586,0.9923882257938385,
600,0.8182300025224686,0.8095455023646355,0.8509123951196671,0.991505691409111,0.8988068550825119,0.9960691279172896,0.98253913462162,0.9905873423814774,0.9895365232229232
650,0.770044042468071,0.8406981188058853,0.9918327260017396,0.993538243174553,0.9957434982061386,0.9906798648834227,0.9911776316165924,0.9923864322900772,0.9898671001195908
700,0.9842240065336229,0.8303802943229676,0.9925583440065384,0.9931726175546646,0.8806952673196793,0.9957405745983124,0.9841524630784988,0.9884351003170012,0.9917636680603028,0.9897996562719346
750,0.7100833697617054,0.8169989728927612,0.7334376347064971,0.8312985908985138,0.7554713237285614,0.993061603307724,0.9960358023643494,0.9884189772605896,0.9827953958511352,0.9907542806863784,0.9921137672662736,0.9902252489328384,0.9902393847703934
800,0.9854451328516006,0.7372976213693618,0.7501630248129367,0.9930723643302918,0.9837172263860704,0.9931071430444718,0.9882415455579756,
850,0.9856907737255096,0.7940143516659737,0.7195606052875518,0.7195459845662117,0.9933090323209762,0.9839434242248536,0.9925597149133684,0.9837596130371092,0.9927831721305848,
900,0.6408028911054134,0.985378994345665,0.7424982817471028,0.8044793212413788,0.992835603952408,0.7270892153680325,0.9837438762187958,0.992701125741005,0.8622556841373443,0.98818290412426,0.9853471660614014,0.991172541975975,0.9904868292808532
950,0.6504295553453266,0.7868242409825325,0.715717695504427,0.7769357708096504,0.9925447368621826,0.6861728653684258,0.9936090523004532,0.9929305285215376,0.995442122220993,0.9852996361255646,0.9919905787706376,0.990565784573555
1000,0.6536594347655773,0.7896151581406593,0.7125433210283518,0.7597089529037475,0.9927035218477248,0.993705552816391,0.983852471113205,0.9927353757619858,0.9870380330085754,0.9910882925987244,0.9935277771949768,0.991067869067192,0.9911607897281648,0.9906220537424087
1050,0.7934659707546234,0.7615581058710813,0.992788046002388,0.6264041039533913,0.9937723278999328,0.982643547654152,0.9927417880296708,0.8588802790641785,0.9955817806720734,0.9853413784503936,0.9912885898351668,0.9918014252185822,0.9908692318201066
1100,0.6435164519958199,0.7685604443959891,0.6837947533093393,0.7303721819072961,0.9926551258563996,0.6670142688974738,0.9928714734315872,0.9873712700605392,0.9912854933738708,0.9938702929019928,0.9919371789693832,0.9906918066740036,0.991274030804634
1150,0.9846182590723038,0.7681576864421368,0.7115972426533699,0.9927289122343064,0.6752093297243118,0.995259718298912,0.9875275731086732,0.9848493987321854,0.9938817012310028,0.9923238557577132,0.9911260497570038
1200,0.6211563341505826,0.984148861169815,0.7791625618934631,0.6600917170196772,0.993501468896866,0.8467822816967964,0.9880269825458526,0.9906242948770524,
1250,0.7609268089011312,0.7403166207298636,0.6433190926071256,0.9934598702192308,0.9803152841329574,0.8189183408021927,0.9953723752498628,0.9881109863519668,0.9844113373756408,0.9911021941900252,0.9938971680402756,0.990539647936821,0.9916913253068924
1300,0.6404884535074234,0.9831133443117142,0.6885676350072026,0.6970618681237102,0.9933430057764052,0.9928190046548844,0.995384111404419,0.9873080432415008,0.9882541102170944,0.984258279800415,0.9926126337051392,
1350,0.9827206069231034,0.7948886725306511,0.657340070605278,0.6538719856366515,0.9924624413251876,0.8393680375814437,0.9950624907016754,0.9865972417593002,0.9886394238471984,0.984588697552681,0.9907796937227248,0.9918881165981293
1400,0.983191540837288,0.7326742884516716,0.6885500279068947,0.9925001645088196,0.9953940653800964,0.986954008936882,0.9886218041181564,0.9902393257617952,
1450,0.6206256382167339,0.7102739751711488,0.9932626110315322,0.6685457075200975,0.9932370805740356,0.9790489649772643,0.995142040848732,0.9865378767251968,0.9840363603830338,0.989793255329132,
1500,0.644359401781112,0.6240716853458435,0.6788122414052487,0.6649959576874971,0.9930087691545486,0.9794328272342682,0.8127717497944832,0.9862736356258393,0.9889971405267716,0.992651223540306,0.9921341162919998
1550,0.6325008521974087,0.9826919603347778,0.7725332462787629,0.5761524507403374,0.6545435740798712,0.9932139843702316,0.9792216849327088,0.9922114247083664,0.7964343175292015,0.986518560051918,0.9891765230894088,
1600,0.6322653108672239,0.7629471355676651,0.6935694485902786,0.9930412703752518,0.9930464267730712,0.979245997071266,0.9919538557529448,0.796513754427433,0.9865742242336272,0.9843720960617064,0.9941830241680144,0.9899746108055116,
1650,0.627792873159051,0.9828386437892914,0.9929003202915192,0.9786901980638504,0.7623100757598877,0.99549183011055,0.986506130695343,0.9898263329267502,0.9921120417118072
1700,0.6171874519810081,0.9824951708316804,0.7599248149245977,0.6254849392920733,0.9928480094671248,0.6447354340553284,0.97961095392704,0.9919419038295746,0.8108481961488724,0.9861892157793044,0.9895208168029784,0.9905529993772508,0.9944270449876784,0.989748103618622,
1750,0.9829977649450302,0.6965440669748932,0.6106080601736903,0.992461063861847,0.9931721985340118,0.9793866807222368,0.9918899416923525,0.7587640234827995,0.986418080329895,0.9907330125570296,0.9922039282321928
1800,0.6239496532967315,0.979189139008522,0.9919998735189438,0.7765011367201805,0.9866202920675278,0.9893700748682022,0.9906930249929428,0.9940751546621324,0.989913465976715,
1850,0.9822194641828536,0.7116998660564423,0.593957603261806,0.6349474160093814,0.9930045539140702,0.992109513282776,0.7693502974510192,0.986709961295128,0.9848900318145752,0.9946465170383454,0.9897003960609436,0.992197449207306
1900,0.6313659176230431,0.6838269397616387,0.5903374091163278,0.6743552419915795,0.6094541144743562,0.9784060877561568,0.9849974745512008,0.9947636669874192,0.9898484778404236,
1950,0.5931503334268927,0.982968937754631,0.7071331453323364,0.5724352419003844,0.9928394442796707,0.9933036339282988,0.9919251841306688,0.7503207658231258,0.9954826819896698,0.9863765817880632,0.9907097452878952,0.9948583489656448,
2000,0.5785288379155099,0.6164776828140021,0.9927282983064653,0.6920139455795288,0.979653349518776,0.9854281222820284,0.9903429144620896,0.9947964817285536,0.992390022277832
2050,0.5691578870266676,0.7065915963426233,0.628921141764149,0.9926181536912918,0.6949696540087461,0.9932751029729844,0.9955946135520936,0.9866018986701964,0.9944252699613572,0.990046847462654,
2100,0.593666213452816,0.5745708636566996,0.9928583216667176,0.9918034648895264,0.9856981045007706,0.990791712999344,0.9949117004871368,0.9897817206382752,0.9922790950536728
2150,0.5722482862696051,0.6809017921611666,0.5482506297901273,0.6579251194931567,0.9798927664756776,0.991959176659584,0.9956690293550492,0.9866951358318328,0.989809759259224,0.9948953759670256,0.9949154549837111,0.9922552865743636
2200,0.7209793667029589,0.5406139870604966,0.641742242127657,0.9927471417188644,0.6398628807812929,0.9931682044267656,0.9800719964504242,0.6703733528405428,0.9896636468172072,0.9949010157585144,0.9948064404726028,0.9924338120222091
2250,0.5919808763265609,0.6559516257420183,0.4687753000669181,0.6454750011581928,0.9927229976654052,0.6753911021351814,0.9932900989055632,0.9793765830993651,0.6802878272905946,0.9955699336528778,0.9900772005319596,0.9904536175727844,0.9947982263565064,0.9925128787755966
2300,0.98325816988945,0.6587485989183187,0.5487890191515907,0.9931616532802582,0.992013732790947,0.9870588862895966,0.9949335217475892,0.989903274178505,0.9922339147329332
2350,0.5212140713632106,0.6030484809726476,0.992983957529068,0.6421834258176387,0.99298966050148,0.9956364309787752,0.989637097120285,0.9948738414049147,0.9925424528121948
2400,0.9828863728046418,0.6661726532876492,0.533596002906561,0.596843540109694,0.6348562641441822,0.993270007967949,0.9799790650606156,0.9918203002214432,0.995472109913826,0.9868114745616912,0.9898979097604752,0.9948561990261078,0.9950136148929596,0.992533922791481
2450,0.9833179414272308,0.6510648416914045,0.6271169520914555,0.9926509636640548,0.9929591232538224,0.653710135447327,0.9954397714138032,0.9871369338035584,0.9899018770456314,0.9859624934196471,0.990879972577095,
2500,0.9832017415761948,0.4913174380268901,0.6038313250173815,0.9925795727968216,0.674427233375609,0.9901581305265428,0.9907400399446488,0.9949757879972458,0.9924745672941208
2550,0.5797104107402266,0.6213949187099934,0.5044613480940461,0.9926807057857512,0.9928801435232164,0.6348931047320366,0.9875225806236267,0.9902960884571076,0.9864173883199692,0.9948446780443192,0.989989520907402,
2600,0.5825564847514033,0.983186133503914,0.5959027657678234,0.9928359699249268,0.6313810997828841,0.995182317495346,0.9857681614160536,0.994833956360817,
2650,0.5856528824102134,0.9833168470859528,0.4750098243262619,0.9924777072668076,0.5990390511183068,0.993153442144394,0.9920225697755812,0.9909640783071518,0.9947389191389084,0.9950246661901474,0.9903387320041656,
2700,0.5497031313180923,0.4629078372009098,0.9927036118507384,0.6348190129548311,0.6436848873645067,0.9950278216600418,0.9871480292081832,0.9865483313798904,0.9908264976739884,0.9949673312902452,
2750,0.5401334583386779,0.98288205742836,0.6297381763812154,0.4529287426918745,0.5721558663359702,0.9931002819538116,0.9873832875490188,0.9898844164609908,0.9949696725606918,0.9900008791685104,
2800,0.4093641058728099,0.993116815686226,0.6212202992662788,0.9857653725147248,0.9950482296943663,
2850,0.983850114941597,0.6116499451175332,0.991837062239647,0.987539895772934,0.9903787147998808,
2900,0.5376913312450051,0.9836046397686004,0.6168425723165274,0.6328651463240385,0.9812279224395752,0.6067108128964901,0.9860085088014604,0.9909179812669754,0.9946488618850708,0.995294361114502,0.990503198504448,
2950,0.9835626357793807,0.6055355374608189,0.4447242459980771,0.566872838139534,0.5918751983164111,0.992926436662674,0.9898482090234756,0.9912125140428544,0.9947423142194748,0.9950416594743728,
3000,0.9830758529901504,0.9930099481344224,0.9915858393907548,0.6212918558716773,0.9949802654981612,0.9911913412809372,0.9952552610635758,
3050,0.9833958208560944,0.3994845828041434,0.509113244805485,0.9930668187141418,0.5809097810601815,0.993112540245056,0.9816617274284364,0.9873863750696182,0.9899624341726304,0.99093920648098,0.9951420027017592,0.9929631382226944
3100,0.5350388793274761,0.5433872307278216,0.5013924939930439,0.5902236020751297,0.9822991424798966,0.9918608218431472,0.5953384836763144,0.9949206006526948,0.9873864656686784,0.986536083817482,0.9911315643787384,0.9949608075618744,0.9905191326141356,0.9928109681606292
3150,0.5747625742107629,0.9841395884752272,0.995151588320732,0.9900100576877594,0.9865867406129836,0.991080152988434,0.9947239947319032,0.9951248389482498,0.9929498606920242
3200,0.9838209575414658,0.5542597313504666,0.4409073699917644,0.5933242167532444,0.9826997637748718,0.98758377969265,0.987118381857872,0.9909861457347868,0.9952288669347764,0.9904668414592744,
3250,0.9840991765260696,0.9932124942541124,0.9933388316631316,0.9827932339906692,0.991568157672882,0.9899525302648544,0.986875781416893,0.990483939051628,
3300,0.5151866224361583,0.5023728325776756,0.4254014225676655,0.5818892428092659,0.9928761011362076,0.4790297352243214,0.9931984728574752,0.982408800125122,0.9918406051397324,0.9873088073730468,0.9945246309041976,0.9952725106477738,
3350,0.4993532586935907,0.4277281547011807,0.6227086987905204,0.6102930438704789,0.9934987020492554,0.6216596879530698,0.987575409412384,0.986968349814415,0.9908829993009568,0.9945490437746048,0.9953440648317337,0.9905861908197404,0.9929419767856598
3400,0.4143767185881734,0.9927357304096222,0.5374439825955778,0.9934381037950516,0.9918631172180176,0.9949307996034622,0.9871156412363052,0.99014766395092,0.9864407104253768,0.9906200063228608,
3450,0.5067507629282773,0.502297732103616,0.5733232793933712,0.9930535137653352,0.5210226385528222,0.9830564403533936,0.9876993262767793,0.989734517931938,0.9913456004858016,0.99441472530365,0.995239964723587,0.990708412528038,
3500,0.5505065147206187,0.515333522092551,0.4666799903661012,0.5003189273667522,0.5351874743944791,0.9932729828357696,0.983439246416092,0.9919103449583052,0.9875575125217436,0.9899822223186492,0.9874588400125504,0.9944809597730636,0.9951601225137712,0.9907331126928328,
3550,0.5159043168835342,0.9845744264125824,0.52873410820961,0.4469460156932473,0.5936202472448349,0.9829979252815246,0.5611616055388003,0.9948803675174712,0.9871614545583725,0.9945076060295104,0.9908008962869644,
3600,0.9849359607696532,0.5180448866309598,0.9934570491313934,0.9831431329250336,0.9899791300296784,0.991299243569374,0.9944163817167282,
3650,0.5383667084504851,0.4379995751427487,0.9929906338453292,0.9936937081813813,0.9919912284612656,0.6212234420329332,0.9879499518871308,0.986984651684761,0.9943918055295944,0.9931235086917876
3700,0.4679110682848841,0.366439337413758,0.9935067570209504,0.9825229877233506,0.9881830388307572,0.9900020730495452,0.9913684248924256,0.9908881002664566,0.993173013329506
3750,0.5635571747273207,0.3886395683325827,0.5446974451304414,0.9930154979228972,0.5049404056888307,0.5908768914500251,0.9899588567018508,0.987141981124878,0.994271714091301,0.9910031795501708,0.9932017070055008
3800,0.5491792546305806,0.985204907655716,0.3927021393598988,0.5305089945788495,0.9936548334360122,0.9918037647008896,0.5488982073217631,0.995095734000206,0.9899555784463884,0.9943500512838364,0.9954938250780104,
3850,0.5712025028280914,0.5540554753318429,0.4666100237425417,0.993780471086502,0.98310367166996,0.9918271499872208,0.5813310537359212,0.98840912938118,0.9914403420686722,0.9944036239385604,0.9910195541381835,0.9930985701084136
3900,0.5501087085902691,0.9852636468410492,0.5270629602484405,0.992809596657753,0.9834166860580444,0.9951442688703536,0.9881815564632416,0.9875655394792556,0.9951390314102172,0.9910019308328628,0.9932951885461808
3950,0.5248087990283966,0.9849411445856094,0.4340913407877088,0.9917392975091934,0.9949838411808014,0.9903783690929412,0.9913136386871336,0.993288915157318
4000,0.5583076938916929,0.9937137013673782,0.9916547614336014,0.5587382573075592,0.990078620314598,0.9870833832025528,0.9953394287824632,0.993327298760414
4050,0.5488782818987965,0.3782894435431808,0.5271825273707509,0.992762421965599,0.9837997555732728,0.9920598375797272,0.5113647453952581,0.9873348027467728,0.9871953582763672,0.9915550428628922,0.9912183088064194,
4100,0.9855548453330992,0.5355759732052684,0.9924683320522308,0.5109909548517316,0.9936720716953278,0.9837986260652544,0.9948872303962708,0.9902980524301528,0.9941558676958084,
4150,0.5299181329226121,0.9849392169713974,0.5465472894348204,0.9927772051095962,0.9840022951364518,0.5290440694690914,0.994894660115242,0.9880409908294676,0.9877217543125152,0.9913789719343186,0.9941913789510728,0.9954346066713332,0.991314725279808,
4200,0.4993588280002586,0.3826522785704583,0.5217662700638175,0.9937518680095672,0.983803386092186,0.9920848631858824,0.570726217944175,0.9875183081626892,0.9913197213411332,0.9952316737174988,0.9912803441286088,
4250,0.9849539697170258,0.3708235106989741,0.4278103760629892,0.9843948662281036,0.9881285983324052,0.9915256994962692,0.9951437211036682,
4300,0.502003458593972,0.9840230458974838,0.990126069188118,0.9881731313467026,0.9916087990999222,0.993348862528801
4350,0.5364951583370566,0.9857470285892488,0.4854804796539247,0.9926113659143448,0.4542994925007224,0.9939464157819748,0.98373510658741,0.9918584614992142,0.990113474726677,0.9916065794229508,0.993418828845024
4400,0.5172687354963272,0.4138601841172203,0.5180937701091171,0.9925977981090546,0.984373626112938,0.991748678088188,0.5303106560371816,0.9904990673065186,0.987774139046669,0.9941888910531996,0.9913032132387162,0.9934717828035354
4450,0.3677832100080559,0.5966002625320107,0.9925215047597884,0.4325864996109158,0.9938245505094528,0.53768987653777,0.9950916403532029,0.9903165912628172,0.9916739547252656,0.993581520318985
4500,0.5653248341009021,0.9855435103178024,0.3464892082940787,0.4852474336698651,0.994031970500946,0.9898084485530854,0.9941827964782716,0.9935751259326936
4550,0.4472035889094695,0.3240859102690592,0.9938112360239028,0.5226844335347414,0.9920281791687012,0.9950912493467332,0.9934949678182602
4600,0.5121839575469493,0.3707671249005944,0.5723657949548214,0.9918156504631044,0.995029994249344,0.9903326082229614,0.9918095695972444,0.9949541771411896,0.9937430846691132
4650,0.4566625496727647,0.535114183537662,0.4297813840024173,0.9937242937088012,0.9851411682367324,0.9920204693078994,0.9901985353231432,0.9878796994686126,0.9943432277441024,0.991517481803894,
4700,0.9857106471061706,0.3600392948533408,0.9927179300785064,0.9938965892791748,0.984023285508156,0.9950822228193285,0.990287337899208,0.9877239787578582,
4750,0.5096454179892317,0.5587825307808817,0.9925760740041732,0.3999464236421045,0.9921007245779038,0.5037183244526386,0.9904307532310486,0.9917077416181564,0.9941961199045182,
4800,0.9861134803295136,0.5041393105877796,0.9937276124954224,0.991620782017708,0.9951449131965636,0.9886729806661606,0.9920268428325651,0.9941476637125016,0.99538844704628,0.9937791055440904
4850,0.4830179593712091,0.9864656871557236,0.3620484514161944,0.9925950336456298,0.41399229131639,0.9950408339500428,0.991870766878128,0.991438694000244,
4900,0.5430164488777518,0.3456293143797666,0.5489461315982044,0.9854934936761856,0.5038979986682535,0.9885318237543106,0.9951089584827424,0.991429346203804,
4950,0.5659117647260428,0.9859717637300492,0.4525226702541113,0.5167413282766938,0.42019331401214,0.9919302135705949,0.9950761288404464,0.9887961822748184,0.990303282737732,0.992048591375351,0.9951806169748306,0.9915058851242066,
5000,0.9865506786108016,0.3255723800958367,0.9922701770067216,0.4425252338312566,0.9917648214101792,0.9948726189136504,0.9902242881059646,0.9941113936901091,
5050,0.4832959752716124,0.986001957654953,0.5596465962193906,0.992409473657608,0.4293493832834065,0.9936778259277343,0.9946028900146484,0.9888909286260604,0.9902221155166626,0.9882129830121994,0.994249223470688,0.9935798686742784
5100,0.4925524046272039,0.9849328070878982,0.988707400560379,0.9951913148164748,0.9913302457332612,0.9939065426588058
5150,0.9865257292985916,0.5412760183960199,0.3138536929897964,0.9854077327251436,0.991713529229164,0.509471397139132,0.99032275557518,0.9919093734025956,0.9950039309263228,0.993788571357727
5200,0.5235166939999908,0.9865353816747664,0.4667567052925006,0.506473685177043,0.9922836762666702,0.3756774450052762,0.9935672307014464,0.9920240449905396,0.521263562515378,0.9951222175359726,0.988200181722641,0.9885383951663972,0.9943372219800948,0.9912672370672226,0.9938312423229216
5250,0.4193434716761112,0.3312302449252456,0.5527171013643966,0.3894799448805861,0.9856392711400984,0.989039552807808,0.9885457295179368,0.9919594985246658,0.994237117767334,0.9911505997180938,
5300,0.526288406518288,0.9868661683797836,0.4805254797637462,0.4059795534797012,0.9937408655881882,0.9949912548065184,0.9903988248109816,0.9936149233579636
5350,0.494556672796607,0.4351699036220088,0.9924037301540376,0.4546092819329351,0.9857579153776168,0.9945360147953032,0.9881961691379548,0.9923133736848831,0.9944404882192612,0.993820787668228
5400,0.9873082053661346,0.4337611190974712,0.3629624493187293,0.291808232567273,0.9936861431598664,0.9856245344877244,0.9948151695728302,0.990336120724678,0.9884789657592772,
5450,0.9873826795816422,0.345276011400856,0.582261786274612,0.3692005852703005,0.9855482006072998,0.9919866079092026,0.490216173119843,0.9951722145080566,0.9901397508382798,0.9887742495536804,0.9922443920373916,
5500,0.4479885701090097,0.3812733748712338,0.9950439310073852,0.9887744253873824,0.9901061338186264,0.9882351970672608,0.9920377743244172,0.994293765425682,
5550,0.4570777620002627,0.4782821229845285,0.3716630195872858,0.9936550253629683,0.9866033184528352,0.991984253525734,0.4456141225155443,0.9888720846176148,0.9903556334972382,0.9880758273601532,0.9943457406759262,0.9951954174041748,0.9936536598205566
5600,0.5285376293584705,0.3243841064535081,0.4927871918678284,0.9925697886943816,0.9933525162935256,0.992196906208992,0.9922677475214003,0.9943629920482636,0.995265656709671,0.9911259633302688,0.9936167305707932
5650,0.4931434404011816,0.3598201378062367,0.9928307342529296,0.9952468913793564,0.9905545449256896,0.9942653280496596,0.995381007194519,0.9936905211210252
5700,0.9927004557847976,0.993685662150383,0.9857750391960144,0.9920714366436004,0.989211966395378,0.9934991037845612
5750,0.9874764847755432,0.354053042344749,0.992698206305504,0.5081314496858976,0.989231649041176,0.9942652922868728,0.9953179425001144,0.9934572011232377
5800,0.5517756128683686,0.9882644426822662,0.3681908809067681,0.5684620853373781,0.9925794941186904,0.9935658627748488,0.9852877128124236,0.9919359022378922,0.5182782910391688,0.995149964094162,0.9903272342681884,0.9885087329149246,0.9943248909711838,0.9934625065326692
5850,0.9875705873966216,0.4469051497755572,0.2651331900525838,0.5218804681301117,0.9858468842506408,0.9946878153085708,0.9888766402006148,0.9902863365411758,0.9890212869644164,0.9943960762023926,0.9913349717855452,
5900,0.9878271979093552,0.3045524217840284,0.991898010969162,0.989191210269928,0.9942708259820938,0.9934004402160644
5950,0.9877257859706878,0.9923760771751404,0.369128032932058,0.9935756194591522,0.9921194744110108,0.4999870010651648,0.9949450755119325,0.99433866918087,0.9911418336629868,0.993405168056488
6000,0.5223213798250071,0.9861626040935516,0.990354499220848,0.9890118062496184,0.9955827754735946,0.9934116464853286
6050,0.4674910898972302,0.9879081922769548,0.430674007005291,0.5125028467923403,0.992630222439766,0.3851533856138121,0.986373165845871,0.4283980588056147,0.9901443272829056,0.9890510934591292,0.9953243213891984,
6100,0.9873210632801056,0.3350234839017503,0.4770260747335851,0.9925974178314207,0.3216751378960907,0.9936013877391816,0.9868675482273102,0.9919314700365066,0.9951525282859802,0.9903518778085708,0.995242424607277,
6150,0.541003098320216,0.9879109847545624,0.3761021335050463,0.5163765243068338,0.9924891275167466,0.3449463993543759,0.9934515506029128,0.9922627419233322,0.4568030312238261,0.9903256911039352,0.992679673433304,0.99550437271595,0.9912511879205704,0.9933379232883454
6200,0.358965805163607,0.367903972780332,0.9927064210176468,0.9869110536575316,0.4675098417850677,0.995088266134262,0.9923057931661606,0.9909369820356368,0.993212121129036
6250,0.3844778511486947,0.5540088652819395,0.9923988193273544,0.9868719828128816,0.992514721751213,0.9954135811328888,0.9932106399536133
6300,0.48697980387602,0.9925215649604796,0.98697922706604,0.9919478768110276,0.994339326620102,0.9894582390785216,0.990517584681511,0.9925126105546952,0.9952702724933624,0.990815418958664,0.9928606957197188
6350,0.9886202788352968,0.3895611330494284,0.5174244683701545,0.9926792323589324,0.9864711260795592,0.9897592788934708,0.9904062706232072,0.9897562009096146,0.9943016958236696,0.9907369846105576,0.9930731362104416
6400,0.4877055628714151,0.4390891173295677,0.5484063334483653,0.9926632249355316,0.9936718690395356,0.9870582592487336,0.9920608484745026,0.4617168050538748,0.9950992423295976,0.9898257434368134,0.9954784321784972,0.9931211018562316
6450,0.9884317022562028,0.4584404126065783,0.5164721637591719,0.9936903303861618,0.9922060608863832,0.4813796832226217,0.9949721884727478,0.9904933190345764,0.9943024933338164,
6500,0.987461279630661,0.4338827732484788,0.3683847456704825,0.9935012924671172,0.992051510810852,0.463819444430992,0.9947737401723862,0.9900623041391372,0.9901030623912812,0.9926295548677444,0.994362097978592,0.9911549884080888,
6550,0.9888335877656936,0.4015712675545365,0.2913684851769358,0.992568343281746,0.9934818148612976,0.9867567551136016,0.524213803447783,0.9954226237535476,0.9897823935747146,0.9906849813461304,0.9897956842184068,0.9931232333183287
6600,0.5388148912787437,0.9888222426176072,0.9926457661390304,0.9935817337036132,0.9874586725234984,0.4831119150109589,0.9950952219963074,0.9902283281087876,0.9942301779985429,0.9911955440044404,
6650,0.4275692059472203,0.9887828189134598,0.4948999420367181,0.992013241648674,0.4730117095354944,0.9947552400827409,0.9904696851968764,0.989378964304924,0.9926553308963776,0.9955085998773576,
6700,0.5286447877669707,0.9886337685585022,0.4324472154118121,0.382559362007014,0.9871643710136414,0.445003205537796,0.9899483335018158,0.994288786649704,0.9954428625106811,0.9911366373300552,
6750,0.457692240846809,0.3276004586275667,0.99273861348629,0.9920610970258712,0.4236326828203164,0.992992113828659
6800,0.5190013171546162,0.5301976230368018,0.3755973759852349,0.9936231577396392,0.5120742282574064,0.990525433421135,0.9928067278862,0.9941678678989412,
6850,0.4943681727163493,0.9892123609781264,0.3884500267333351,0.2859094791300595,0.5317211993783713,0.992759217619896,0.993606287240982,0.4662876998464344,0.990333452820778,0.9952614027261734,0.991063482761383,0.99310267329216
6900,0.5299254088196903,0.4138617422431707,0.3430384217016399,0.330436293464154,0.4500447500543669,0.9949678707122804,0.9905801481008528,0.9951725161075592,0.991029687523842,
6950,0.3605101219099015,0.2808020472142379,0.4572691897302866,0.988012210726738,0.9949210733175278,0.990320115685463,0.995374032855034,0.9909492009878158,0.9929441779851912
7000,0.4250922703370452,0.9925768351554872,0.3364705475233495,0.9935203766822815,0.9903209435939788,0.9953629386425018,
7050,0.5082324646969937,0.9926269656419754,0.3147947147022932,0.9919388628005982,0.990479383468628,0.9954068821668624,0.9910043090581894,
7100,0.5219407153129577,0.355494364881888,0.2928026577970013,0.4989411058556288,0.9926859849691392,0.9937019580602646,0.9928423440456392,0.9941155791282654,
7150,0.989188398718834,0.4417906123306602,0.2697208362491801,0.2897662482573651,0.9920276403427124,0.9931161564588546,0.9953357166051864,0.9910038667917253,0.9928925991058348
7200,0.48757493596524,0.9936921608448028,0.9882983285188676,0.4901298741903156,0.9951581412553788,0.990699074268341,0.9902554541826248,0.9952637523412704,0.9911714601516723,0.992750598192215
7250,0.3655434556321416,0.3246963449008763,0.5049024231964723,0.9936638569831848,0.9921907645463944,0.5298827030323445,0.9913301014900208,0.9929623168706894
7300,0.9892535293102264,0.2683176379324868,0.9921250396966934,0.517150429841131,0.9948278105258942,0.992939064502716
7350,0.5023694466846064,0.9898283541202544,0.5302174031734467,0.9928076833486555,0.3016496572643518,0.9936358588933945,0.9883102232217787,0.4464216019585729,0.995050414800644,0.9906194764375686,0.9905035096406936,0.9930377012491226,0.99413645029068,0.9930195927619934
7400,0.9893392890691756,0.2952625677734613,0.9903126007318496,0.9953759515285492,
7450,0.4902728611044585,0.3088263178989291,0.5438738222420215,0.2833932402497157,0.9921837103366852,0.4657361700665205,0.9950357431173324,0.9900859743356704,0.9940343379974366,0.99286048412323
7500,0.528392467610538,0.9893764501810074,0.4613615390658379,0.9926003915071488,0.993675461411476,0.9884857279062272,0.9921698701381684,0.4323716936353594,0.9902960395812987,0.9907705557346344,0.9931328171491622,0.993979989886284,0.9956115907430648,0.9912611937522888,0.99305986225605
7550,0.5102593841031193,0.3694995137909427,0.4803024854511022,0.9926540547609328,0.3068080386403016,0.9935921430587769,0.9883179134130478,0.4322252558229957,0.9905136960744858,0.9932172060012816,0.9940569531917572,0.9954161351919174,0.9930525159835816
7600,0.509492215178907,0.989667918086052,0.3425604976899922,0.3307479035691358,0.9927495378255844,0.9883801078796388,0.9953057497739792,0.9911807423830032,0.9904118233919144,0.994097249507904,0.9953307366371156,0.9910847985744476,0.993034127354622
7650,0.9888922810554504,0.3199284553946927,0.9925324612855912,0.3439149200823158,0.9936187279224395,0.9904042601585388,0.9903069370985031,0.989975391626358,0.9932400649785996,0.9954495936632156,0.9910592919588088,0.9929239255189896
7700,0.5436306627094746,0.9889780002832412,0.4741322518698871,0.9950253522396088,0.9903213953971864,
7750,0.5097937514260411,0.9891094487905502,0.3738289891975001,0.9927917766571044,0.9935819327831268,0.989176612496376,0.4544271346181631,0.9944997435808182,0.990268530845642,0.9896925574541092,0.9933680886030196,0.9939820909500122,0.9952273339033126,0.9908883678913116,0.993074721097946
7800,0.5287595278762456,0.9927010637521744,0.3335149004077539,0.9889454478025436,0.9921705788373948,0.9903794121742248,0.9903601080179214,0.993366926908493,
7850,0.3932855607196688,0.992776815891266,0.9934088462591172,0.9888887631893158,0.9921910125017166,0.4757951271347702,0.9904062986373902,0.9931963074207306,
7900,0.9893845212459564,0.3366726357955485,0.9885279196500778,0.9922645026445388,0.4287109234184026,0.990399888753891,0.993412726521492,0.9951863718032836,
7950,0.9889728480577468,0.2946732108946889,0.4971698725968599,0.9927740722894668,0.3093770837597549,0.9949023562669754,0.99064525783062,0.9934876549243928,0.9929904687404632
8000,0.3737324427813291,0.9926022654771804,0.9936971420049668,0.9891554266214372,0.9913075238466262,0.9902610337734222,0.9940379989147188,0.995218227505684,0.9911301374435424,0.9929033827781676
8050,0.5276904786471277,0.988738626241684,0.3672651628032327,0.5042954650521279,0.9927426040172576,0.3380950588057749,0.9936250364780426,0.9887431824207306,0.9921420359611512,0.9896894085407256,0.993247697353363,
8100,0.989493132829666,0.9928254699707032,0.9907753890752792,0.9902594476938248,0.9934509921073914,0.9937777870893478,0.991109625697136,0.9930130368471146
8150,0.4443700711708516,0.9889686006307602,0.9936891174316408,0.9891545528173448,0.4411724246107041,0.9949517834186554,0.9904415279626846,0.9904390102624894,0.9908816093206404,0.992955802679062
8200,0.5402366856858134,0.988832110762596,0.3472963506728411,0.5280591278336942,0.4007851013634353,0.9904707026481628,0.9902867490053175,0.9936318689584732,0.9941152328252792,0.9907974737882614,0.9928928655385972
8250,0.4276692399568855,0.3478979799989611,0.992762286067009,0.4407164625637233,0.9953612130880356,0.9905948472023012,0.9929854303598404
8300,0.5123994464753195,0.5230852644983679,0.9929411077499388,0.3433021978335455,0.9906886851787567,0.9932809036970138,0.9953627598285676,0.9929252153635024
8350,0.9894520080089568,0.9937936902046204,0.9891586422920228,0.9948006868362428,0.990841702222824,0.9899477565288544,0.9954075169563292,
8400,0.9888862299919128,0.3049401163868606,0.3700319371465593,0.5658044889569283,0.9925848925113678,0.9937103986740112,0.4501675788406282,0.9899872201681136,0.992815197110176
8450,0.5582921286579221,0.3472813131433213,0.3248175208643079,0.9893611365556716,0.992178013920784,0.4765746668446809,0.9949398839473724,0.9913917821645736,0.9904599195718764,0.9933797127008438,0.9940514862537384,0.991063614487648,0.993050370812416
8500,0.4885768192796968,0.3444156971992925,0.99284554541111,0.9891887456178664,0.9947361528873444,0.9905030477046968,0.9900688034296036,0.9939431822299958,0.9928715932369232
8550,0.3685048495605588,0.4740608147252351,0.993809870481491,0.9893441689014436,0.9923575526475906,0.4527558595873415,0.993696347475052,0.9911225086450576,0.9929722225666048
8600,0.5058589452411979,0.3584687611833215,0.3721199309220537,0.4801776382699609,0.9937847846746444,0.9897195756435394,0.4138400547974743,0.9951546782255172,0.990659794807434,0.9908209723234176,0.9933181816339492,0.9940681332349776,
8650,0.4750139965373091,0.2894347115140408,0.9926939487457276,0.372677729637362,0.9936677086353302,0.9895017951726912,0.9921235483884812,0.4596185680781491,0.9950378465652466,0.9909909611940384,0.990483230948448,0.9933492398262024,0.9939792501926422,0.9909860622882845,
8700,0.9894037985801696,0.3567562165809795,0.9927874785661698,0.9937452703714372,0.9888826137781144,0.4538419884000905,0.9948769646883012,0.99078309237957,0.9904202848672868,0.9901460963487624,0.9940036487579346,
8750,0.522209957446903,0.5047838774742559,0.3107839319296181,0.9921377944946288,0.994973030090332,0.9915449738502502,0.9904941868782045,0.9903015702962876,0.993827115893364,0.9929187566041946
8800,0.4731853326037526,0.9927194434404372,0.9892142653465272,0.9921641969680786,0.4932558745332062,0.99485056579113,0.9901743376255036,0.9903075903654098,0.9933790653944016,0.9910697656869888,
8850,0.5132258815318346,0.9928732323646544,0.9896111160516738,0.9922238379716872,0.4714002600964159,0.994856213927269,0.99068064391613,0.9939532309770585,0.9954819333553314,0.9911629503965378,
8900,0.449875054708682,0.9897514188289642,0.549708189368248,0.3020186417549848,0.9937638860940932,0.4429468995053321,0.9909066063165664,0.9911680406332016,0.9934367215633392,0.9929145574569702
8950,0.3412231729167979,0.2863917059404775,0.9937053537368774,0.4545530713628977,0.9946413469314576,0.990563353896141,0.9900156211853028,0.9939761191606522,0.9951657330989838,
9000,0.5558296163007617,0.3129190536634996,0.9929225897789,0.2947313825692981,0.9936228215694428,0.99493793964386,0.991288201212883,0.9901717764139176,0.993300873041153,
9050,0.543856555968523,0.4179917599540204,0.2876911504752934,0.9926236456632614,0.2781010723765939,0.9936816972494126,0.9922292339801788,0.4404098147153854,0.991123669743538,0.9933321696519852,0.993909643292427,
9100,0.4795999793102964,0.9891067671775818,0.3334496773360297,0.5641644242405891,0.9926540851593018,0.2756526646437123,0.9937147969007492,0.9895192515850068,0.9920992076396942,0.9910640895366668,0.9903535306453704,0.9937967777252196,0.9955846816301346,
9150,0.5100176031127921,0.301201211126172,0.2782303687604144,0.437529836371541,0.9927737349271776,0.3227629285492003,0.9937965536117552,0.5081987650692463,0.9949253177642824,0.990557987689972,0.9901748836040496,0.995368435382843,0.9911997932195664,0.9930374705791474
9200,0.5171614708192647,0.989075726866722,0.3238291401183232,0.9937863981723786,0.9921952861547472,0.4633018716494553,0.9909219348430632,0.9953552949428558,0.991164566874504,0.9928880542516708
9250,0.9894766557216644,0.51080452401191,0.9952033162117004,0.99122232735157,0.990416660308838,0.9914578318595886,0.9938861137628556,0.9913711619377136,
9300,0.3636482627689838,0.4694552224897779,0.2978900700947269,0.9920952433347702,0.4231902966741472,0.9956223142147064,0.9910579282045364,0.9927379459142684
9350,0.3522466133919079,0.3223803427070379,0.9926407200098036,0.3740869292919524,0.993889599442482,0.989445257782936,0.9948671692609788,0.9906296747922896,0.993195060491562,0.995607095360756,0.992809996008873
9400,0.518754532430321,0.9896392649412156,0.340847425153479,0.2992680288874544,0.5369294714555144,0.992713387608528,0.992164353132248,0.4944364889524877,0.9908099198341368,0.9932603585720062,0.9937373548746108,0.995431032180786,
9450,0.4974634231440722,0.9888322746753692,0.4042996233142912,0.9928773671388628,0.9899771773815156,0.992301670908928,0.9949544399976732,0.9908346956968308,0.9905879855155943,0.9908978617191316,0.9932315331697464,0.9938141375780104,0.9929035067558288
9500,0.4010115652169043,0.2890712847467512,0.992821075320244,0.2735850242219749,0.9938498359918594,0.989489123225212,0.9923195827007294,0.4352506439061835,0.9911719673871994,0.990422230362892,0.9908646982908248,0.9907624131441116,0.99302348613739
9550,0.9891426974534988,0.524988521747291,0.992610427737236,0.3291344106942415,0.9897446888685226,0.9921359342336654,0.99550954580307,0.9955116271972656,0.9928585577011108
9600,0.9898327004909516,0.3585730305872857,0.9896828192472458,0.9920422232151032,0.4822599301440641,0.9953112894296646,0.9930792450904846,0.9953212684392928,0.9929571115970612
9650,0.4653824375843396,0.5188636968424544,0.3246522156218998,0.9903734201192856,0.9923306441307068,0.4235199194401502,0.9910452979803084,0.993039790391922,0.9953416925668715,0.9908867090940476,0.9928594702482224
9700,0.366576038999483,0.2963626283311169,0.5234936790540814,0.9939649593830108,0.9892465990781784,0.434785375475185,0.9909407830238344,0.9906739097833632,0.9905053806304932,0.9932991242408752,0.9938660681247712,0.9951867830753326,
9750,0.5526371030882001,0.3627278126060264,0.3475587417837232,0.9928135973215104,0.9896931099891664,0.4209991603344679,0.991237854361534,0.9905805218219758,0.9952907973527908,0.9929785060882568
9800,0.4714110219245777,0.9937373012304306,0.990321307182312,0.9922542643547058,0.994945828318596,0.9913670843839646,0.9935452157258988,0.9929787307977676
9850,0.5215713429590687,0.9895315253734588,0.3768439861829392,0.347017108136788,0.530361913247034,0.3451668960601091,0.9906274396181106,0.9920801144838332,0.4216725777508691,0.9948173987865448,0.9904059571027756,0.9937632888555528,0.9955299365520476,
9900,0.5366588124632835,0.3427774182497524,0.4474340257700532,0.9926300805807112,0.3096073007397353,0.9937630385160446,0.9901908308267592,0.4098850583471358,0.9949913263320924,0.9908574670553209,0.990257580280304,0.9909365487098694,0.9928649669885636
9950,0.9888069254159928,0.3398023904243018,0.359031101083383,0.5612972407788038,0.992860090136528,0.9937245088815688,0.9922125190496444,0.4272671493142843,0.994740300178528,0.9904160404205322,0.99375030875206,0.9954158091545104,0.991137319803238,
10000,0.5029063903342467,0.9886930531263352,0.5021166846249252,0.3355842533987015,0.9938084089756012,0.9904413509368896,0.992167422771454,0.9947319614887238,0.9905835324525832,0.9905285608768464,0.9905405390262604,0.9928737968206406,0.9937276583909987,
10050,0.4759960090741515,0.5324594688974321,0.992762036919594,0.3223719662427902,0.9939172530174256,0.992396337389946,0.995035724043846,0.991995422244072,0.9927270889282228,0.9935529619455338,0.995371743440628,0.9910239672660828,
10100,0.3422369954176247,0.481524731515965,0.9927485024929048,0.9898650342226027,
10150,0.493001352250576,0.9882553035020828,0.3580879811616614,0.9938360470533372,0.9905919504165648,0.9924000632762908,0.4019158528430853,0.9904275751113892,0.9954286974668504,0.9911096692085266,
10200,0.9883984005451204,0.4176973913691472,0.459918431956321,0.9928258734941484,0.3049307573586702,0.9937203985452652,0.992267336845398,0.4402950775995851,0.9905780392885208,0.991687400341034,0.9955964195728302,
10250,0.5430462033860386,0.9891518700122832,0.3279668532358482,0.4051442754641175,0.9923611801862716,0.991159914135933,0.9910602247714996,0.9928466546535492
10300,0.4997043434530496,0.988479980826378,0.4725711076642619,0.992887299656868,0.9938510549068452,0.9900579726696016,0.5013788407295943,0.9948794823884964,0.9906030368804932,0.9905413591861724,0.9930945616960526,0.9937732464075087,0.9953852379322052,
10350,0.353836723100394,0.4981488486379385,0.315056711724028,0.9920780557394028,0.995107204914093,0.992925323843956,0.9937233358621598,0.9929420006275176
10400,0.5384588334523142,0.9886525332927704,0.3921164228487759,0.4847116458043456,0.9928167629241944,0.3031910717766732,0.993691076040268,0.9910042130947112,0.992200352549553,0.9908138090372084,0.9914245760440826,0.9937567377090454,0.9908958518505095,
10450,0.9885636031627656,0.3660765163600444,0.9928964310884476,0.3006901878822827,0.4325576405785978,0.9913931530714036,0.990615729689598,0.9938518971204756,
10500,0.4646267093531787,0.365465479940176,0.9929620039463044,0.3147829231992364,0.9938307303190232,0.992341455221176,0.9906188106536864,0.9912060242891312,0.993048192858696,0.9936057025194168,0.9954558050632476,0.9930687391757964
10550,0.5235177867091261,0.3809267539938446,0.993766666650772,0.9904133415222168,0.4414900650363415,0.995272822380066,0.9907833522558211,0.9930065459012986,0.9937759345769882,0.9953726929426192,0.9928795331716538
10600,0.4779219910688698,0.3086094473605044,0.5346969291195274,0.99386124253273,0.4671658333649975,0.99094930768013,0.9911504864692688,0.995357614159584,0.9909473752975464,0.9930450809001924
10650,0.5225767116108909,0.9928652834892272,0.990090121626854,0.4544301149947569,0.9949465662240982,0.9911765491962432,0.9904630571603776,0.9954108273983002,0.991157220005989,
10700,0.3009988749859622,0.3466647096624365,0.5103260806202888,0.3104723669029772,0.5035524733923376,0.9946452730894088,0.9910408842563628,0.991327708363533,0.9928148406744004,0.993636428117752,0.9954714798927308,0.9909895539283752,0.992921940088272
10750,0.5473075364343822,0.3135650192727917,0.5458612149953842,0.9910054957866667,0.9923038828372956,0.4571092871855944,0.9908584213256836,0.9930482947826386,0.9939072382450104,
10800,0.9883918255567552,0.2752685812674463,0.9928570300340652,0.9939088308811188,0.9906087404489518,0.9911784148216248,0.9904642057418824,0.9927045488357544,0.9937429851293564,0.9955477702617646,
10850,0.9881584990024568,0.4116108868364245,0.3025632240995765,0.5010981322778388,0.9902373892068864,0.9922146761417387,0.4423883417760953,0.9904741883277892,0.9914655721187592,0.9929884004592896,0.9937658244371416,0.9929241591691972
10900,0.4960511115193367,0.298036568746902,0.4559326741099357,0.9928689670562744,0.9906485348939896,0.9922525662183762,0.4515249057486653,0.994961159825325,0.9912127327919006,0.993066113591194,0.9937801378965376,0.9953887897729874,0.9910895371437072,0.9928633850812912
10950,0.4799225640855729,0.3022449884470552,0.99283637881279,0.3425872655212879,0.9904030162096024,0.4871421662741341,0.9953396171331406,0.993144845366478,
11000,0.3398195138387382,0.3727714935131371,0.993822499513626,0.9903247004747392,0.9904944282770156,0.9951885867118836,
11050,0.505241312100552,0.9881042224168778,0.280398319736123,0.284541563631501,0.4732827060762792,0.9937549954652788,0.9909098893404008,0.4280885935015976,0.99513807117939,0.9907136863470076,0.9930037301778794,0.9937503439188003,0.9954214537143709,
11100,0.47255844197236,0.9883910667896272,0.3621396012790501,0.4943806541152298,0.3211747039947659,0.9938030260801316,0.992184355854988,0.4626725472044199,0.9952343362569808,0.9907248568534852,0.9907609748840333,0.9909403026103972,0.9930607867240906,
11150,0.4976662178197875,0.3219439993015496,0.5050009045586922,0.9927798646688462,0.9910070163011552,0.439314814005047,0.9937831550836564,0.995362012386322,
11200,0.4243918362585828,0.3196669270657002,0.5374444375187158,0.992936925292015,0.9939966386556626,0.99082730948925,0.99214508831501,0.995440970659256,0.9907478153705596,0.9929425925016404,0.9910540276765823,0.9929126745462418
11250,0.3308540087379515,0.3270441041514277,0.9937729358673096,0.9913414067029952,0.9922887390851974,0.9950640350580215,0.9905520325899124,0.990465893149376,0.9919808757305144,0.9929812806844712,0.9938693916797638,0.9929333180189132
11300,0.4788546163961291,0.9884236013889312,0.2754502040334046,0.4688384625408798,0.2326701051818963,0.9911904698610304,0.9947948282957078,0.9913416993618012,0.9930647492408752,0.9955847519636154,
11350,0.4782975679496303,0.3175484419986605,0.5094159676507115,0.4850340265408158,0.9947370266914368,0.9902282178401948,0.9920193272829056,0.9930612683296204,0.9953825283050536,0.9908231645822524,0.9929747372865676
11400,0.9882170271873474,0.4707576978579164,0.9927823072671892,0.99377536714077,0.9910093319416046,0.9906622624397278,0.9914432692527771,0.9953549402952194,0.9913464176654816,
11450,0.4956486859451979,0.9884978866577148,0.325817423260305,0.4582461737981066,0.2778015398606658,0.9939311653375624,0.9902731949090956,0.994889959692955,0.9906893670558928,0.992887483239174,0.9911053192615508,0.99300463616848
11500,0.988983902335167,0.3564030981378164,0.9930405104160308,0.2763328599045053,0.9894268554449082,0.99053285241127,0.9930280953645706,
11550,0.5128124838508665,0.9929115170240402,0.324657088687527,0.99231150329113,0.9915963888168337,0.9933684897422792,0.993947280049324,0.991224883198738,0.9929101759195328
11600,0.9879991459846496,0.3337148215621709,0.2435342031899927,0.5055439910106361,0.9928289288282396,0.9938666641712188,0.9906381714344024,0.9950802040100096,0.9907113236188888,0.993156126141548,0.992951243519783
11650,0.4876133557409048,0.3250695935264229,0.9928610634803772,0.9939707154035567,0.4442581340647302,0.9904554975032808,0.9909792047739028,0.992945603132248
11700,0.5611010285746306,0.2417337658070028,0.9928325545787812,0.3221255534887314,0.9939866417646408,0.9950764864683151,0.988747810125351,0.9906914645433426,0.9936929386854172,0.9953764545917512,0.991332712173462,0.9931063222885133
11750,0.4969770701602101,0.9930853348970412,0.2978593849251046,0.993856982588768,0.9908340561389924,0.9921652328968048,0.9953903919458388,0.9906872135400772,0.9918645232915878,0.9937666738033296,
11800,0.3754985918244347,0.3114963958133012,0.5194887226447463,0.993915637731552,0.9911460757255556,0.9923044568300248,0.9950660461187364,0.9914909118413924,0.9931194984912872,0.9939512479305268,0.9953199070692064,0.9908600771427154,0.9929794108867646
11850,0.988184779882431,0.3368536677956581,0.4908682275470346,0.9940900617837906,0.9906607007980348,0.993712552189827,0.9927978205680849
11900,0.5101498788315803,0.4823489340487867,0.9939532548189164,0.99236186504364,0.4645088853321795,0.995196104645729,0.990370010137558,0.9906966006755829,0.993794155716896,0.9911681705713272,0.9930684441328048
11950,0.98755317568779,0.3357747893530177,0.5147552395612002,0.9929043483734132,0.2779558071540668,0.9915776509046554,0.992221302986145,0.9950651967525482,0.9902495539188384,0.9919806665182114,0.9909325003623962,0.9929670894145964
12000,0.5418618459557183,0.3170266636705491,0.5391437350586057,0.9929418712854384,0.3258006557944463,0.990668876171112,0.9917380839586258,0.995135892033577,0.9910975754261016,0.9929164046049118
12050,0.4776736087724566,0.991186586022377,0.4397135762125254,0.994363933801651,0.9874285936355592,0.99327263712883,0.9912788593769072,
12100,0.9875893694162368,0.3160330677125603,0.991220144033432,0.4794558237242745,0.990655899643898,0.9932949900627136,0.991196938753128,0.9930472427606584
12150,0.987274992465973,0.3406980337930145,0.3325433778576553,0.4889007494598627,0.9929035311937332,0.35453074012883,0.9938567197322844,0.9917796427011488,0.9923912364244462,0.4557508508861065,0.9947573578357696,0.9934261763095856,0.9938969963788986,0.995159233212471,0.9910722786188124,0.9930026030540466
12200,0.4150923246494494,0.314163788612932,0.2955835406656842,0.4750337839871645,0.9938446426391602,0.9954457271099092,0.9929524910449982
12250,0.5261331394221633,0.2923647931404411,0.3108695959113538,0.9929276067018508,0.2999957801122218,0.9939950615167618,0.9914913499355316,0.4657603366812691,0.993226319551468,0.9913455837965012,0.9928657537698746
12300,0.4930656057223677,0.9874195200204848,0.3285043490421958,0.2791254615029902,0.4920190031081438,0.2701673531695269,0.9940109205245972,0.9920093804597856,0.4769278398156166,0.9952237612009048,0.9937946140766144,
12350,0.337203548620455,0.3522600180935115,0.4795108403172344,0.9912506669759752,0.9923644775152206,0.9950184834003448,0.9860159814357756,0.9907974463701248,0.9929942524433136
12400,0.5135447641834616,0.986797394156456,0.3456902615516447,0.4854778484813869,0.280734625835903,0.9941350716352464,0.9913755601644516,0.9874519401788712,0.993121761083603,0.993882160782814,
12450,0.9872020691633224,0.3590967644006014,0.9927178025245668,0.3128214719891548,0.9939535582065582,0.9923305767774582,0.4953848026925698,0.9930288749933244,0.9955833679437638,0.9910559320449828,0.992938111424446
12500,0.3296360575483413,0.3184774771030061,0.9924119585752488,0.4149746775650419,0.994966636300087,0.990416054725647,0.99317677795887,0.9955726546049118,0.9930475389957428
12550,0.9860294485092164,0.252775914738886,0.9907899361848832,0.9913316172361374,0.9954922896623613,0.992939149737358
12600,0.9851776540279388,0.2740033305180259,0.99303935110569,0.991124427318573,0.4729157949611544,0.9952045542001724,0.9931029433012007
12650,0.5061877793399617,0.9856473594903946,0.992893534898758,0.9911507087945938,0.9852496057748794,0.9903068202733992,0.9936483079195022,0.9912042784690857,
12700,0.9840753424167632,0.5184816416725516,0.3389410539902747,0.9939028424024582,0.9923095804452896,0.5013519557192921,0.995191816687584,0.9923809498548508,0.9930816727876663,0.9938414692878724,0.9952985161542892,0.9929085075855256
12750,0.9858727598190308,0.3589625481748953,0.4636175059899687,0.9799498957395554,0.9916498041152956,0.9930984336137773,0.9910250121355056,
12800,0.490283040581271,0.9847766637802124,0.2843353835027665,0.329369730707258,0.992911850810051,0.271794699318707,0.992026841044426,0.9950185650587082,0.9920873218774796,0.993221869468689,0.9937277460098266,0.9954685312509536,
12850,0.983342382311821,0.5019220943748951,0.9928895765542984,0.9940474081039428,0.9924765902757644,0.9937952029705048,0.995346320271492,
12900,0.9856489652395248,0.2943201838061213,0.3529805654752999,0.9928604859113692,0.2728283093031496,0.9939325797557832,0.9952254980802536,0.9806759935617448,0.9903094154596328,0.9931892526149748,0.993809895515442,0.9955186581611634,0.9910948693752288,0.9929942381381988
12950,0.5321687008440494,0.3336488908925094,0.9941016685962676,0.4810981439892202,0.995514600276947,0.9932415068149568,0.99554643034935,
13000,0.9857831460237504,0.2676303311157971,0.9930581820011138,0.3071594802709296,0.991459167599678,0.4714794608950615,0.974130413532257,0.990578971505165,0.99290777862072,
13050,0.4926481965230778,0.2939203277043998,0.4896890944894403,0.99296717107296,0.992424184679985,0.9938979923725128,0.9954205060005188,0.9909704166650772,
13100,0.9867822068929673,0.2572564199240878,0.9915102714300156,0.9947744953632356,0.980446806550026,0.9954605168104173,0.9911579793691636,0.992949234843254
13150,0.9839066362380982,0.35132299201563,0.9939966607093812,0.9916046690940856,0.9923108613491058,0.3843536948203109,0.9792786639928818,0.9907624220848084,0.991226677298546,0.9930384474992752
13200,0.356951021454297,0.9939344251155852,0.9919185853004456,0.474583825552836,0.995133209824562,0.990521050095558,0.993906066417694,0.9910968744754792,0.993020725250244
13250,0.4541955244727432,0.9822485738992692,0.3452115584275452,0.2531503431824967,0.5157361467555165,0.9931490695476533,0.9910960549116136,0.9738665652275086,0.9920056623220443,0.9931460428237916
13300,0.3095267966901883,0.5123952066898346,0.9929802697896958,0.2781616368005052,0.992474872469902,0.9952864450216292,0.9728163957595826,0.993079097867012,0.9913630950450896,0.9929085648059846
13350,0.9853898054361344,0.9928926986455916,0.2772728439792991,0.9940650892257692,0.9913548332452774,0.9908578926324844,0.9932214921712876,
13400,0.9817901861667632,0.3271717620822892,0.3562871455261484,0.9940613281726836,0.9921039670705796,0.9923189377784728,0.9905478984117508,0.99314179956913,0.9954102605581284,0.9913348346948624,
13450,0.9846546924114228,0.3668531464459375,0.3235408863564953,0.9940497034788132,0.9921216589212416,0.4640690852329135,0.9952309930324554,0.972439376115799,0.990750100016594,0.9931850337982178,0.991088285446167,0.9930391144752504
13500,0.9821576744318008,0.3462024391256272,0.9930081886053084,0.4435019764560274,0.9948775672912598,0.9904590737819672,0.99326376080513,0.993972544670105,0.9954182022809982,0.9909911906719208,0.9929211658239364
13550,0.4881474461685866,0.9846551507711412,0.9930566066503524,0.312838181022089,0.9916363632678986,0.4549112746119499,0.9951666879653932,0.9696082657575608,0.9907695096731186,0.9917936450242996,0.9938296526670456,0.9912438434362412,0.9928763353824616
13600,0.3332102084159851,0.2919660428259522,0.9930677503347396,0.2564164179936051,0.9939845591783524,0.9671393114328384,0.9918600571155548,0.993808564543724,0.9953185033798218,0.993072982430458
13650,0.3385225800611078,0.2431279247044585,0.4582005717465654,0.9947752511501312,0.9913078153133392,
13700,0.3050628320257237,0.447185174273327,0.3385175341693685,0.9940178519487382,0.9923067837953568,0.9923083370923996,0.9907239329814912,0.9940037876367568,0.9955620807409288,0.9912095201015472,0.9929617387056352
13750,0.3192209610692225,0.3227840240579098,0.5309694241825491,0.3198119923542253,0.9922142028808594,0.9950776714086532,0.9907969212532044,0.9939392060041428,
13800,0.3352828271035105,0.285015426488826,0.992981703877449,0.9919809961318968,0.9678796863555909,0.9908636140823364,0.993074060678482,0.9953666764497756,0.9912289071083068,
13850,0.2745789484563283,0.446975976191461,0.2967359929718077,0.994024891257286,0.9924355238676072,0.9953630894422532,0.9907695358991624,0.9918260186910628,0.9932777839899064,0.9910565626621246,0.993044541478157
13900,0.9810228949785232,0.3047424576582853,0.9921599960327148,0.9559771502017976,0.9938706946372986,0.9931241989135742
13950,0.4734535424795467,0.1739768421836197,0.9923891842365264,0.99149252474308,0.9930444753170014
14000,0.3205563059123233,0.992955521941185,0.2896906647738069,0.994018685221672,0.9922750329971314,0.9955151450634002,0.9916244965791702,0.9934188109636308,0.9911555480957032,
14050,0.466080214753747,0.980242593884468,0.3833599310182035,0.5453649192303419,0.9930756151676178,0.9917474788427352,0.9944576978683471,0.9919617700576784,0.9931313246488572,0.99393736243248,0.9952213227748872,0.9930810856819152
14100,0.5158418184518814,0.9929110312461852,0.9940886044502258,0.3967935620015487,0.9951240998506546,0.9933320826292038,0.9937690210342408,
14150,0.4946628439472988,0.2931051502004266,0.4760952380485833,0.2685994076915085,0.9921161645650864,0.9924316227436064,0.4781240162998438,0.9923987609148024,0.9912137067317964,0.993144297003746
14200,0.4878261113353073,0.2844902699859812,0.4856976011861115,0.9929627960920334,0.9940879958868026,0.9924500489234924,0.4768034816905856,0.9951046031713484,0.99062693297863,0.9932461959123612,0.9938539028167724,0.9953606629371644,0.9913846307992936,0.993204401731491
14250,0.9782834476232528,0.3568270482681692,0.5454259040951729,0.992963798046112,0.9940909802913666,0.4552719979919493,0.9950844550132752,0.95412511408329,0.9905860257148744,0.9912818479537964,0.9910266768932342,0.9931394928693772
14300,0.9731906068325042,0.9938994336128236,0.458772438019514,0.9952191358804704,0.929826512634754,0.9923539447784424,0.9938734722137452,0.9955357056856156,0.991219801902771,0.9930420362949371
14350,0.433180380363483,0.3229125748855586,0.3031792295235209,0.994057273864746,0.9906305658817292,0.9931995993852616,0.9939453059434892,0.9928980225324632
14400,0.5339701248519123,0.2895087794959545,0.99283411860466,0.2506478957738727,0.9922226065397264,0.4505706052668393,0.9939651566743852,
14450,0.9802649891376496,0.3200503482145723,0.2761554055521265,0.9939843147993088,0.4743512634793296,0.9950414460897444,0.9931386542320252
14500,0.471073442165507,0.9775043350458144,0.3335292317811399,0.323246418852359,0.4783206373662688,0.9916629213094712,0.992393991947174,0.4018374459305778,0.937339898943901,0.990905378460884,0.9939223027229308,
14550,0.5001809062063693,0.9790625375509262,0.4509309118334204,0.99298359811306,0.2807629949785769,0.9941178739070892,0.9349513119459152,0.9906671845912932,0.9932004314661026,0.991138591170311,0.9930570286512376
14600,0.9794979655742644,0.4964331529010087,0.2958388577846926,0.9940100318193436,0.992236016392708,0.4038349772745278,0.9932094979286192,0.99313199698925
14650,0.497523408383131,0.979994671344757,0.2620729398541152,0.5199025490880013,0.9920112138986588,0.990808231830597,0.9921938234567642,0.9931950920820236,0.9939379423856736,0.9952953869104384,0.9930437958240508
14700,0.3752287360379705,0.9940906608104706,0.4262082810886204,0.9131362974643707,0.9918220007419586,0.994029824733734,0.9953413325548172,0.991264472603798,
14750,0.2365545100695453,0.9940750336647034,0.9947465336322784,0.8923806312680245,0.9906196039915084,0.9921901869773864,0.9940177488327028,0.9913029712438584,
14800,0.4989543480612337,0.9819474828243256,0.2984313021507114,0.1906167063489556,0.9940137851238252,0.9921193391084672,0.4675426138797774,0.9953986716270448,0.9075085771083832,0.9908002614974976,0.9922860234975814,0.9930303168296812,0.9930352336168288
14850,0.9930491018295288,0.2639530132943764,0.994075231552124,0.9924646759033204,0.9955681717395782,0.9907930701971054,0.9919575709104538,0.993299886584282,
14900,0.3346386046521366,0.9929810065031052,0.9939461189508438,0.9921279388666152,0.909203309714794,0.993955618739128,0.9954512238502502,0.991292165517807,
14950,0.9787020748853684,0.3179294603038579,0.2755144429998472,0.9940420562028884,0.9924770039319992,0.9951342451572418,0.895321110188961,0.9906060284376144,0.9941252863407136,
15000,0.4853678380139172,0.9784625643491744,0.3637728089781012,0.2965173462219536,0.9928476411104202,0.9940438848733902,0.99216422021389,0.992405461668968,0.3934990137256682,0.9952633571624756,0.9938398599624634,
15050,0.4329979143757373,0.9797520178556444,0.3644012779602781,0.5095613484270871,0.9927664905786514,0.2592936692014336,0.993971261382103,0.9949909156560898,0.9038767260313034,0.9909313291311264,0.9932771587371826,0.993947120308876,0.9951562070846558,0.9910740780830384,
15100,0.9761126679182052,0.3702527587860822,0.9930165475606918,0.2394622444827109,0.9928093314170836,0.9924027979373932,0.4162472202745266,0.99236094892025,0.9931347954273224,0.9940405160188674,0.9953778290748596,
15150,0.5408149120956659,0.2909599915891885,0.993971592783928,0.9922871518135072,0.4227779060881584,0.9949774980545044,0.9912715899944304,0.9939541429281236,0.9911425244808196,
15200,0.9930858808755876,0.9940675657987594,0.992783059477806,0.9925342881679536,0.9947315895557404,0.9905379277467729,0.9921892297267914,0.9940508472919464,0.9952666008472444,0.9913427031040192,
15250,0.978223042488098,0.3412168397475034,0.4542988581769168,0.994047115445137,0.9904991173744202,0.9916533774137496,0.9932819646596908,0.9940700310468674,
15300,0.9787508797645568,0.3323451824532821,0.2596711596928071,0.9927832490205764,0.9924545753002166,0.9950041323900224,0.9907810193300248,0.9932314932346344,0.9953004413843156,0.9932018464803696
15350,0.2866239639860578,0.2637053117575124,0.9923071265220642,0.4502060100017115,0.992654503583908,0.9933479410409928,0.9939826464653015,0.991249286532402,
15400,0.9775717985630036,0.2613710151123814,0.9927697062492372,0.9923120385408402,0.4349296425376087,0.8422166033089161,0.9933838939666748,0.9939659678936004,0.9952733898162842,0.9910809749364852,0.9929447799921036
15450,0.975789920091629,0.2552916137035936,0.9931449431180954,0.9924460941553116,0.4577726109744981,0.9954631340503692,0.994131538271904,
15500,0.5322008952498436,0.3825703380210325,0.4508798450604081,0.993884900212288,0.9921862560510636,0.994906638264656,0.8309298184514046,0.9907129555940628,0.9914238238334656,0.9939320182800292,0.995510870218277,0.9910418474674224,
15550,0.5632548419386149,0.9940085905790328,0.9928766006231308,0.9923403871059416,0.9921744817495346,0.99327796459198,0.993933345079422,0.9911741322278976,
15600,0.5325996062811464,0.9788380169868468,0.5095060353120789,0.9924889588356018,0.9922741568088532,0.4052493315818719,0.9921688997745514,0.9930825734138488,0.9911742633581162,
15650,0.5242635412979871,0.9721244037151336,0.3547301244502887,0.2868326192471431,0.4923595113586634,0.2694905326887965,0.9941655975580216,0.991984030008316,0.9923825347423554,0.9921076065301896,0.9938718718290328,0.991003925204277,0.9931701529026032
15700,0.4817526982352137,0.3017028070590459,0.9924776875972748,0.9951828444004058,0.8475003297626972,0.9922042125463486,0.9932590490579604,0.9953658556938172,
15750,0.5301779238227755,0.9776386231184006,0.3037934802263043,0.5079336113668979,0.9926334190368652,0.4567500343453139,0.9950708067417144,0.8247073316574096,0.990688974261284,0.9924699008464812,0.9929753905534744
15800,0.975780352950096,0.2806174994818866,0.3697513963561505,0.4563003549166023,0.9928299015760422,0.2250115332007408,0.8408890768885613,0.990886297225952,
15850,0.521717158787651,0.9719090926647186,0.2570362321985885,0.2959221324033569,0.5294579043239355,0.9929811644554138,0.2774610699154436,0.9940033829212188,0.992388078570366,0.4386827867897227,0.8448326683044434,0.9907892578840256,0.993270053267479,0.9911309814453124,
15900,0.976826765537262,0.2436078478489071,0.3119128953083418,0.4927030327732155,0.3368482161685824,0.9942131954431532,0.9923486000299454,0.9922207617759704,0.9950937974452972,0.8121146549284458,0.9939815813302992,0.9952716302871704,0.991135693192482,0.9930829960107804
15950,0.9773942863941192,0.3254236660711467,0.5317687149718404,0.993209764957428,0.993251958489418,0.9923343151807784,0.4793661798909306,0.9951353865861892,0.9909006321430206,0.995137597322464,0.9910820984840392,
16000,0.473707484989427,0.2956654414488002,0.3520477428659797,0.5153765981085598,0.995198637843132,0.9931420689821244,0.9913012796640396,
16050,0.4953559794439934,0.2806463259272277,0.9929419296979904,0.99240873336792,0.3916717573953792,0.9950692868232728,0.8220310834050178,0.992402372956276,0.9934859085083008,0.9938529616594316,0.9952097815275192,
16100,0.4998015350662171,0.2910002034436911,0.3577218814752996,0.3286888698372058,0.9940191459655762,0.9924940770864488,0.4676871563866734,0.9951758021116256,0.9906566172838212,0.9934084749221802,0.9912163800001144,
16150,0.3174663451843662,0.3230209132935852,0.4535085756331682,0.9929740971326828,0.4171248443063814,0.9952113968133928,0.8109205457568168,0.9908511090278626,0.9933276486396788,0.9939576870203018,0.9910355269908904,
16200,0.5264429672434926,0.2628341874293983,0.3380051195807755,0.992571016550064,0.9921726441383362,0.9910902398824692,
16250,0.9699578273296356,0.309409930948168,0.2599368985928595,0.9939348220825196,0.992590709924698,0.9923757606744766,0.4271500236773863,0.9906073951721192,0.9921002197265624,0.993854557275772,0.9928951770067216
16300,0.5330795728950761,0.3465571916848421,0.9929059398174286,0.9924007362127304,0.995248703956604,0.990905796289444,0.9952495229244231,0.9930282992124556
16350,0.4963755741511704,0.3676408112607896,0.3279808066133409,0.9929177331924438,0.994065048098564,0.992459061741829,0.9951935017108916,0.9952138525247574,0.9911086863279344,
16400,0.9712346869707108,0.3213095309678465,0.3569775265548378,0.9931579303741456,0.9923897713422776,0.9948101717233658,0.8313421693444252,0.9906140983104704,0.9932763820886612,0.9913315391540528,0.9931405377388
16450,0.9738815087080002,0.2989256487111561,0.2802449391596019,0.3575116290105506,0.9924897760152817,0.9928125894069671,0.9912530809640884,
16500,0.9744675368070602,0.3557294093817472,0.9929961365461348,0.9917743164300918,0.4663455493468791,0.8202266854047775,0.9906681454181672,0.9911404913663864,0.9928820407390596
16550,0.4792037358414381,0.2970428549963981,0.5030340341187548,0.993005457520485,0.3138788116606884,0.9928070610761642,0.9923254019021988,0.994921020269394,0.990886174440384,0.99407584130764,0.9931880223751068
16600,0.4492287639994174,0.9751144582033158,0.3240478551387787,0.2794947455823421,0.993007470369339,0.2856007666885853,0.9940654021501542,0.9926329606771468,0.9947172772884368,0.9906580728292466,0.9933468317985534,0.9938941425085068,
16650,0.974083068370819,0.2952851506054867,0.2351503262203186,0.5483081430062885,0.9931130665540696,0.9940023881196977,0.9932560521364212,0.9909106051921844,0.9931157839298248,0.9940213245153428,0.9953085559606552,0.9929746532440186
16700,0.5169275622302666,0.3114773429185152,0.3431731158075854,0.9929270619153976,0.2658160686306655,0.992892085313797,0.4294944431632757,0.9950235724449158,0.9925480592250824,0.9939024591445924,0.9952753406763076,0.9930463886260986
16750,0.4778543360158801,0.9688643932342528,0.3300171152222901,0.5204208425432444,0.9940714687108994,0.4187417744891718,0.9952293103933334,0.990703284740448,0.993971153497696,0.9952271783351898,0.9931976282596588
16800,0.463607288589701,0.3451861515501514,0.9930567675828934,0.9924287658929823,0.9953439581394196,0.7868252301029861,0.9906480062007904,0.9929580074548722,
16850,0.2869877931615338,0.3337896729540079,0.3062082716636359,0.9940050339698792,0.9928711986541748,0.995351974964142,0.9915917497873308,0.9954212713241576,0.9910455632209778,0.9930647492408752
16900,0.9667032670974732,0.348062988333404,0.3227721196506172,0.4721449292078614,0.9930958813428878,0.9924009948968888,0.9951240628957748,0.9905742639303208,0.9939950305223464,0.995397742986679,0.9913264924287796,0.993055413365364
16950,0.296025908999145,0.506436905239243,0.2279669186659157,0.9940415328741072,0.3992523021297529,0.9907935386896134,0.9955126172304154,0.9911934185028076,
17000,0.4300392340123653,0.9942069405317306,0.992327589392662,0.4532572412118316,0.8184852142632008,0.9932698696851732,0.9940236705541612,0.9953025591373444,0.9914468199014664,
17050,0.3367702944204211,0.4769569278880954,0.9930965501070024,0.2898474379442632,0.9923657584190368,0.4523613054002635,0.792265784740448,0.990773286819458,0.9933751749992372,0.9932646512985228,0.9951052385568618,0.9911942607164383,
17100,0.2810430149023887,0.267607363667339,0.9926285284757614,0.4797445494309068,0.9950128048658372,0.8144337521493434,0.9906037598848344,0.9933428001403808,0.9911289095878602,0.9930282682180404
17150,0.9755472373962404,0.2948745132610202,0.3604564064741135,0.9940401834249496,0.9924111998081208,0.9922920191287994,0.4633299239980988,0.9952648943662644,0.7876341933757067,0.994017453789711,0.9952254730463028,0.993134970664978
17200,0.4799966965802014,0.9729990482330322,0.3386745167896151,0.3116928995586931,0.530914008654654,0.2704596425336785,0.9931750160455703,0.99257130920887,0.4371938389260322,0.995324129462242,0.8256844711303711,0.9905475068092346,0.9931520581245422,0.9913349390029907,
17250,0.4749100116733462,0.9674636578559876,0.3024814122938551,0.290345755728049,0.9941803032159804,0.9922170913219452,0.4125925806257873,0.7749453836679459,0.9932537758350372
17300,0.4508166679181158,0.3289941650116816,0.3306592512130737,0.9923723703622818,0.4961211596801877,0.802465758100152,0.9920641547441482,0.994004281759262,0.9954332882165908,0.9910124498605728,0.9929832917451858
17350,0.9716958731412888,0.3497109121643006,0.3396095521375536,0.9923302388191224,0.9950083553791046,0.7811190060526133,0.9907676446437836,0.9939594703912736,0.9953334885835649,0.99116522192955,0.993119102716446
17400,0.489247573511675,0.9696690636873244,0.3621014175238087,0.9930498164892196,0.9922845137119292,0.992467440366745,0.9935584825277328,0.9953773260116576,0.9911099261045456,0.9929802960157394
17450,0.2610987206920981,0.9940770316123962,0.9925750327110292,0.9924311256408692,0.7646231526136398,0.9913772773742676,
17500,0.4831691068876534,0.9697802090644836,0.336449235221371,0.994100490808487,0.9931341630220412,0.4654313747119158,0.9907375830411912,0.9939564716815948,
17550,0.9683305346965788,0.3335281864662102,0.99301500082016,0.3283033491671085,0.9940405791997908,0.4122011392028071,0.9951812821626664,0.7623867878317833,0.9907066172361374,0.9931590849161148,0.9931988495588304,0.995273421406746,0.9931046032905578
17600,0.5030139716342091,0.96797587454319,0.3386467059701681,0.321209468068555,0.992911560535431,0.9940737122297288,0.9924955290555952,0.7697161251306534,0.9907716345787048,0.9940254330635072,0.9910582888126374,0.99295392870903
17650,0.4802326312544756,0.4601778511330485,0.9924688130617142,0.99294407248497
17700,0.9647632658481596,0.2911547617288306,0.9927288037538528,0.9924783408641816,0.4369165725633502,0.7574247677624225,0.9907860535383224,0.9951981484889983,0.9929697871208192
17750,0.5067739805195015,0.2754477543011308,0.9933075481653212,0.4402934639668092,0.9908924961090088,0.9921634274721146,0.995594113469124,0.9911857873201372,
17800,0.9700096935033798,0.99310120344162,0.2902807059977204,0.994275866150856,0.4763029824197292,0.7862643757462502,0.9908844244480132,0.9921359497308732,0.9932711780071258,0.994145537018776,0.9952013564109802,0.9911137157678604,
17850,0.5076104646362364,0.9633520710468292,0.2883088114857673,0.9930694472789764,0.2856214222125709,0.4103417283348972,0.7772606552392244,0.9938939541578292,0.9931419718265534
17900,0.465952954813838,0.9652144688367844,0.3373182697317133,0.2940913302730769,0.9928932690620422,0.2527661413885653,0.9942810225486756,0.9923315900564194,0.7764050617814064,0.9906529462337494,0.993023520708084,0.993322703242302,0.9954877161979676,
17950,0.5112060729041695,0.2858902399986982,0.9932050162553788,0.9931219726800918,0.3718021345837041,0.9951088279485704,0.7720343509316444,0.9907157909870148,0.9925939011573792,0.99333634018898,0.9913092762231828,
18000,0.9683829754590988,0.3487163168098777,0.3616093952767551,0.4796725900587625,0.9930280309915542,0.9925810062885284,0.992506918311119,0.9954469674825668,0.9913005709648132,0.9931639063358308
18050,0.4800899771042168,0.2702739581558853,0.5173322910070419,0.2059191068261862,0.9941520631313324,0.9924281334877014,0.4245159713528119,0.9953441005945206,0.9930494022369384
18100,0.4434632313996553,0.9718674093484878,0.3017592429602518,0.3456309628486633,0.5079936098307372,0.9929773998260498,0.3039963587932288,0.9925046652555466,0.9907066416740418,0.9933752369880676,0.9954063868522643,0.9910698884725572,
18150,0.5134153577126562,0.3440940025821328,0.2517644312675111,0.4929292947053909,0.9930933827161788,0.2507256935257465,0.994168872833252,0.9931126409769058,0.9923925745487212,0.9949784511327744,0.9908754962682724,0.9925395637750626,0.993314106464386,0.9912653201818468,0.9931438982486724
18200,0.5306431873887777,0.3664189418032765,0.4837433772906661,0.993189344406128,0.7521928292512894,0.9933901345729828,0.994080176949501,0.9953697836399078,
18250,0.5549058532388881,0.962893043756485,0.3361476002447307,0.2063526547246147,0.9923312658071518,0.4583632080629468,0.9933629381656648,0.9940839499235152,0.9953577935695648,0.9912854343652724,
18300,0.4868883836641908,0.9641148090362548,0.3926899828622117,0.5060337352193892,0.9941228538751602,0.9925051069259644,0.3840426882918109,0.8069664064049721,0.99258236348629,0.9933455365896224,0.9952214568853378,0.9910855007171632,
18350,0.4713362670037895,0.961829816699028,0.2562454055296257,0.2382839506202435,0.993106130361557,0.9925816524028778,0.4490040113776922,0.9950185549259186,0.8016628769040107,0.9931313264369964,0.9953048914670944,
18400,0.9594029062986372,0.9930834352970124,0.2826499557279749,0.3820203488972038,0.995488424897194,0.7961626149713993,0.9933505362272262,0.993953019976616,0.9954590260982512,
18450,0.5019801365956664,0.4541200986597687,0.2623241765750572,0.9941620314121248,0.4445031044213101,0.9949143975973128,0.7896428649686277,0.9908564060926436,0.9925357830524444,0.9934158378839492,0.9940047377347946,0.9909611594676973,
18500,0.968919078707695,0.9923955553770064,0.994931857585907,0.7858392561972142,0.9908341348171236,0.9932318341732024,0.9953557884693146,
18550,0.963277337551117,0.3205431002937257,0.9941364526748656,0.9934636288881302,0.9923453146219252,0.9950652450323104,0.9952216666936874,0.9913352036476136,
18600,0.4632814561529085,0.332071394668892,0.520340099092573,0.9932272189855575,0.2742534247133881,0.9929476004838944,0.9924661004543304,0.4597302598319948,0.7389334444701672,0.9935591506958008,0.9939651292562484,
18650,0.4996762452996336,0.2711156055796891,0.4297471506427973,0.994227135181427,0.9935323190689088,0.9946553295850754,0.7614250264689326,0.990681221485138,0.9935783451795578,0.9939643150568008,0.9931856417655944
18700,0.5157000969722867,0.9926244783401488,0.4541221067775041,0.7739012178778648,0.9907892370223998,0.9933342850208282,0.9934907734394074,0.9940309804677964,0.9952801340818404,0.991170647740364,0.9929547870159148
18750,0.2668182127893669,0.2832055082172155,0.4667021486163139,0.992348141670227,0.3815018425462767,0.9949772495031356,0.9940588521957398,0.9952896231412888,
18800,0.4810319163091481,0.9574661815166472,0.3215953653387259,0.23167923130095,0.9933287250995636,0.9952493458986282,0.9908182668685912,0.9916073614358902,0.9933940821886064,0.9913143199682236,0.9931450271606446
18850,0.2940227829618379,0.5374808280263096,0.993140779733658,0.9942268687486648,0.4240549745038152,0.9951083016395568,0.9907724356651306,0.9928142184019088,0.9939042901992798,0.9951856797933578,0.9928868573904036
18900,0.4990296627348289,0.3392318446375429,0.9931586176156998,0.2893245871801628,0.9923889368772508,0.4171008284937125,0.9951797646284104,0.993197375535965,0.9940554916858672,0.993064103126526
18950,0.4697855258267372,0.4695487650856376,0.99309396982193,0.277078700098209,0.994197661280632,0.9924662911891936,0.9951155722141266,0.9907457315921784,0.9932441651821136,0.9933542108535768,0.995421460866928,
19000,0.5142695498466492,0.2363906907476484,0.9930415111780166,0.994095452427864,0.9933046609163284,0.9948608732223512,0.9909464699029924,0.9933786022663116,0.9940123897790908,0.995319600701332,0.9911981761455536,0.9929601430892944
19050,0.4970845130458474,0.994084085226059,0.3669781546900049,0.995000564455986,0.9908240938186644,0.9930862760543824,0.9933434295654296,0.9952767914533616,0.9930364209413528
19100,0.4571010218653828,0.9639391279220582,0.5226790121244267,0.2764642079081386,0.99320698261261,0.9923685747385024,0.4357959695206955,0.9950755685567856,0.9927353155612946,0.993511855006218,0.9953604906797408,
19150,0.2668000135442707,0.2882307231426239,0.5010544132441282,0.9930074095726014,0.2404727519955486,0.9952039432525634,0.9909106379747392,0.9933085292577744,0.993724129796028,0.9953052526712418,0.9913395100831984,0.9930072343349456
19200,0.3304099832614884,0.9928899705410004,0.9942623507976532,0.9933586591482162,0.9924006146192552,0.4418748264573514,0.9951798212528228,0.992278047800064,0.9934918409585952,0.9912595158815384,
19250,0.5116179290786386,0.4798645139764994,0.9941133362054824,0.992829794883728,0.9924985027313232,0.3631827596854418,0.9951968950033188,0.7575938176363707,0.9905418837070464,0.9931068515777588,0.9938901311159134,
19300,0.5354885143227875,0.9929962795972824,0.3010619118250906,0.9923722147941588,0.4451435958594084,0.9951433604955672,0.759533054754138,0.9907478195428848,
19350,0.4836823614081368,0.9639134240150452,0.3458928423048928,0.993130133152008,0.9940595263242722,0.9935904729366304,0.9926538002490998,0.4777490471675992,0.7625337053090334,0.9908723735809326,0.9930197578668596,0.9910209476947784,0.9930751365423204
19400,0.5111599355377257,0.943686973452568,0.3327116326370742,0.2455829997174441,0.9941521430015564,0.9932471513748168,0.9923355054855346,0.9952689796686172,0.990761535167694,0.992884538769722,0.9932470923662186,0.9940572452545166,0.9952237004041672,0.9914685398340224,0.9929452186822892
19450,0.3065542578452732,0.4604305055690929,0.9931820821762084,0.2613833493653965,0.9940336686372756,0.9951743000745772,0.9927125269174576,0.9912556874752044,
19500,0.5191684822295792,0.9545045799016952,0.4927148792892694,0.2800156297534704,0.9948394232988358,0.9908938109874724,0.9932914453744888,0.9953958958387374,0.991204795241356,
19550,0.4907489959744271,0.957813920378685,0.5070450173458084,0.9930114436149596,0.9934186166524888,0.9925724393129348,0.4207568345963955,0.994062322974205,0.9954928547143936,0.9931331253051758
19600,0.4875012177694588,0.3610510643851012,0.3586060907319188,0.52407276394777,0.3379702491033822,0.9934941172599792,0.992352602481842,
19650,0.3418123070895671,0.2919970526185352,0.1971965343691408,0.9932836431264878,0.3822747628111392,0.7698056342825293,0.9908914160728456,
19700,0.9525008410215378,0.3468001896323403,0.3777333595510572,0.3110155845992267,0.9932736849784852,0.9949166411161424,0.7736055490374565,0.993513999581337,0.9951629602909088,0.9911131238937378,
19750,0.4877038140688091,0.3413834649324417,0.3154501968063414,0.5272851932235062,0.9933170121908188,0.2961963500501588,0.9934143108129502,0.4153636994259432,0.9952791553735733,0.9931229853630066,0.9939506900310516,0.9951729422807694,0.9909786289930343,0.993029220700264
19800,0.9584787446260452,0.3029082068614662,0.993210181593895,0.2668387228623032,0.99520536839962,0.9909977555274964,0.9929587113857268,0.9940023368597032,
19850,0.9474100106954576,0.3080656000087037,0.4567158644553274,0.9930586338043212,0.2736933419806883,0.9935307788848876,0.9925110054016112,0.4245989432372152,0.9952467316389084,0.9924202275276184,0.9933622497320176,0.9955227518081664,0.991218295097351,
19900,0.5289955729804933,0.4530576290981844,0.9941923159360886,0.9924258142709732,0.4339408910367638,0.9951555186510086,0.9939964532852172,0.9908427441120148,0.9930212497711182
19950,0.9444410282373428,0.2886300952918827,0.9935621672868729,0.9925323396921156,0.9954237055778504,0.7552067694067955,0.9940574604272844,
